candidate_id,candidate_index,real_tanh_autodiff_loss,real_tanh_autodiff_rel_error,real_tanh_autodiff_status,real_tanh_autodiff_steps,war_loss,war_rel_error,war_status,war_steps,weight_labels,weight_map,weights
point_000,0,0.072073461070016,3.442995056225108,complete,64,0.00026571415163725615,0.29051456249340113,complete,71,"[""1e-3"", ""1e-3"", ""1e-3""]","{""w_Delta2_u"": 0.001, ""w_Delta_u"": 0.001, ""w_u"": 0.001}","[0.001, 0.001, 0.001]"
point_001,1,0.07378278532190637,3.4176951021323623,complete,63,0.00036117365167118463,0.2886745378285845,complete,71,"[""1e-3"", ""1e-3"", ""1e-2""]","{""w_Delta2_u"": 0.01, ""w_Delta_u"": 0.001, ""w_u"": 0.001}","[0.001, 0.001, 0.01]"
point_002,2,0.07526136118982951,3.388154346198841,complete,63,0.0005762961371879858,0.2863932591243225,complete,71,"[""1e-3"", ""1e-3"", ""1e-1""]","{""w_Delta2_u"": 0.1, ""w_Delta_u"": 0.001, ""w_u"": 0.001}","[0.001, 0.001, 0.1]"
point_003,3,0.09039358353942992,2.937538257951599,complete,63,0.00025691989701405005,0.3831582028241463,complete,71,"[""1e-3"", ""1e-3"", ""1e+0""]","{""w_Delta2_u"": 1.0, ""w_Delta_u"": 0.001, ""w_u"": 0.001}","[0.001, 0.001, 1.0]"
point_004,4,0.08174554802099841,2.1267615884964575,complete,64,0.00025787309174750986,0.5077466897851663,complete,71,"[""1e-3"", ""1e-3"", ""1e+1""]","{""w_Delta2_u"": 10.0, ""w_Delta_u"": 0.001, ""w_u"": 0.001}","[0.001, 0.001, 10.0]"
point_005,5,0.05450494058653833,1.3079707348848577,complete,64,0.0017401005186564854,0.8012302256896828,complete,71,"[""1e-3"", ""1e-3"", ""1e+2""]","{""w_Delta2_u"": 100.0, ""w_Delta_u"": 0.001, ""w_u"": 0.001}","[0.001, 0.001, 100.0]"
point_006,6,0.12411255797006124,0.9703194395570959,complete,63,0.21858314500009815,0.9467951181525908,complete,71,"[""1e-3"", ""1e-3"", ""1e+3""]","{""w_Delta2_u"": 1000.0, ""w_Delta_u"": 0.001, ""w_u"": 0.001}","[0.001, 0.001, 1000.0]"
point_007,7,0.07590097011683632,3.360981102850653,complete,63,0.00041775955358535927,0.26379413379253175,complete,71,"[""1e-3"", ""1e-2"", ""1e-3""]","{""w_Delta2_u"": 0.001, ""w_Delta_u"": 0.01, ""w_u"": 0.001}","[0.001, 0.01, 0.001]"
point_008,8,0.07627330545105311,3.353227541971411,complete,63,0.0004927832455963405,0.2620095730881998,complete,71,"[""1e-3"", ""1e-2"", ""1e-2""]","{""w_Delta2_u"": 0.01, ""w_Delta_u"": 0.01, ""w_u"": 0.001}","[0.001, 0.01, 0.01]"
point_009,9,0.07739222203691658,3.329232688458011,complete,63,0.0006222032795855805,0.2602315061430985,complete,71,"[""1e-3"", ""1e-2"", ""1e-1""]","{""w_Delta2_u"": 0.1, ""w_Delta_u"": 0.01, ""w_u"": 0.001}","[0.001, 0.01, 0.1]"
point_010,10,0.09077351450256801,2.879961332929368,complete,64,0.0002897939212162446,0.3753965921782219,complete,71,"[""1e-3"", ""1e-2"", ""1e+0""]","{""w_Delta2_u"": 1.0, ""w_Delta_u"": 0.01, ""w_u"": 0.001}","[0.001, 0.01, 1.0]"
point_011,11,0.08211640461943452,2.130296789690086,complete,64,0.0002893636612213291,0.49839497997266624,complete,71,"[""1e-3"", ""1e-2"", ""1e+1""]","{""w_Delta2_u"": 10.0, ""w_Delta_u"": 0.01, ""w_u"": 0.001}","[0.001, 0.01, 10.0]"
point_012,12,0.05633529657539924,1.3032644988847524,complete,63,0.0018096402185430618,0.796287450257035,complete,71,"[""1e-3"", ""1e-2"", ""1e+2""]","{""w_Delta2_u"": 100.0, ""w_Delta_u"": 0.01, ""w_u"": 0.001}","[0.001, 0.01, 100.0]"
point_013,13,0.1251371771956453,0.9569370615073836,complete,63,0.21860082288504917,0.946854278923978,complete,71,"[""1e-3"", ""1e-2"", ""1e+3""]","{""w_Delta2_u"": 1000.0, ""w_Delta_u"": 0.01, ""w_u"": 0.001}","[0.001, 0.01, 1000.0]"
point_014,14,0.09363398692688904,2.7129685027108557,complete,63,0.0006118381580725781,0.22510336745497733,complete,71,"[""1e-3"", ""1e-1"", ""1e-3""]","{""w_Delta2_u"": 0.001, ""w_Delta_u"": 0.1, ""w_u"": 0.001}","[0.001, 0.1, 0.001]"
point_015,15,0.09359947843884367,2.7104571934711474,complete,63,0.0006173127655220561,0.2265835281094213,complete,71,"[""1e-3"", ""1e-1"", ""1e-2""]","{""w_Delta2_u"": 0.01, ""w_Delta_u"": 0.1, ""w_u"": 0.001}","[0.001, 0.1, 0.01]"
point_016,16,0.0939858390020158,2.671801318891175,complete,63,0.0005654949966139632,0.24846012227817038,complete,71,"[""1e-3"", ""1e-1"", ""1e-1""]","{""w_Delta2_u"": 0.1, ""w_Delta_u"": 0.1, ""w_u"": 0.001}","[0.001, 0.1, 0.1]"
point_017,17,0.09808816283050648,2.2964686840000255,complete,64,0.00043016610279013274,0.3730756383159193,complete,71,"[""1e-3"", ""1e-1"", ""1e+0""]","{""w_Delta2_u"": 1.0, ""w_Delta_u"": 0.1, ""w_u"": 0.001}","[0.001, 0.1, 1.0]"
point_018,18,0.08465455136286933,2.1719856641993887,complete,63,0.0004466230959998001,0.45795958317049484,complete,71,"[""1e-3"", ""1e-1"", ""1e+1""]","{""w_Delta2_u"": 10.0, ""w_Delta_u"": 0.1, ""w_u"": 0.001}","[0.001, 0.1, 10.0]"
point_019,19,0.05659315691202135,1.3706900247615914,complete,64,0.0022869925635583275,0.7551014617055695,complete,71,"[""1e-3"", ""1e-1"", ""1e+2""]","{""w_Delta2_u"": 100.0, ""w_Delta_u"": 0.1, ""w_u"": 0.001}","[0.001, 0.1, 100.0]"
point_020,20,0.12299548093536455,1.0171753540790818,complete,63,0.2186242650288155,0.94686773886953,complete,71,"[""1e-3"", ""1e-1"", ""1e+3""]","{""w_Delta2_u"": 1000.0, ""w_Delta_u"": 0.1, ""w_u"": 0.001}","[0.001, 0.1, 1000.0]"
point_021,21,0.07238665629262422,1.5729153604249793,complete,63,0.00022648124978537107,0.4423425537685689,complete,71,"[""1e-3"", ""1e+0"", ""1e-3""]","{""w_Delta2_u"": 0.001, ""w_Delta_u"": 1.0, ""w_u"": 0.001}","[0.001, 1.0, 0.001]"
point_022,22,0.0710965122833795,1.5821426772257343,complete,64,0.0002567726662482788,0.44010200492841317,complete,71,"[""1e-3"", ""1e+0"", ""1e-2""]","{""w_Delta2_u"": 0.01, ""w_Delta_u"": 1.0, ""w_u"": 0.001}","[0.001, 1.0, 0.01]"
point_023,23,0.07476760688146651,1.559103259266615,complete,63,0.0004464205586131715,0.4084979172633485,complete,71,"[""1e-3"", ""1e+0"", ""1e-1""]","{""w_Delta2_u"": 0.1, ""w_Delta_u"": 1.0, ""w_u"": 0.001}","[0.001, 1.0, 0.1]"
point_024,24,0.07626070911242834,1.5373072232826925,complete,63,0.0005895921625235437,0.3099592856709752,complete,71,"[""1e-3"", ""1e+0"", ""1e+0""]","{""w_Delta2_u"": 1.0, ""w_Delta_u"": 1.0, ""w_u"": 0.001}","[0.001, 1.0, 1.0]"
point_025,25,0.06881182068528266,1.5482785621223436,complete,63,0.0005746392936709965,0.34518241796234134,complete,71,"[""1e-3"", ""1e+0"", ""1e+1""]","{""w_Delta2_u"": 10.0, ""w_Delta_u"": 1.0, ""w_u"": 0.001}","[0.001, 1.0, 10.0]"
point_026,26,0.06569094409202551,1.7991299318053084,complete,64,0.003509725814168294,0.6736055360813639,complete,71,"[""1e-3"", ""1e+0"", ""1e+2""]","{""w_Delta2_u"": 100.0, ""w_Delta_u"": 1.0, ""w_u"": 0.001}","[0.001, 1.0, 100.0]"
point_027,27,0.13126306320471334,1.0941439038927916,complete,63,0.2187478130582261,0.9467392750089098,complete,71,"[""1e-3"", ""1e+0"", ""1e+3""]","{""w_Delta2_u"": 1000.0, ""w_Delta_u"": 1.0, ""w_u"": 0.001}","[0.001, 1.0, 1000.0]"
point_028,28,0.03999719458596217,2.542782319204113,complete,63,0.0003063980430273749,0.5742954500037091,complete,71,"[""1e-3"", ""1e+1"", ""1e-3""]","{""w_Delta2_u"": 0.001, ""w_Delta_u"": 10.0, ""w_u"": 0.001}","[0.001, 10.0, 0.001]"
point_029,29,0.037066662506568766,2.577911980754743,complete,64,0.0003370748939109607,0.5705976724244455,complete,71,"[""1e-3"", ""1e+1"", ""1e-2""]","{""w_Delta2_u"": 0.01, ""w_Delta_u"": 10.0, ""w_u"": 0.001}","[0.001, 10.0, 0.01]"
point_030,30,0.03852944710422076,2.5661796511016877,complete,63,0.0005333596736099285,0.5324459553390143,complete,71,"[""1e-3"", ""1e+1"", ""1e-1""]","{""w_Delta2_u"": 0.1, ""w_Delta_u"": 10.0, ""w_u"": 0.001}","[0.001, 10.0, 0.1]"
point_031,31,0.0454578447762966,2.500662000608793,complete,63,0.0004640680968551779,0.3902257921570019,complete,71,"[""1e-3"", ""1e+1"", ""1e+0""]","{""w_Delta2_u"": 1.0, ""w_Delta_u"": 10.0, ""w_u"": 0.001}","[0.001, 10.0, 1.0]"
point_032,32,0.06493722418317976,2.2891141872685115,complete,64,0.00043494747704531144,0.425201855890668,complete,71,"[""1e-3"", ""1e+1"", ""1e+1""]","{""w_Delta2_u"": 10.0, ""w_Delta_u"": 10.0, ""w_u"": 0.001}","[0.001, 10.0, 10.0]"
point_033,33,0.09353474462623476,2.0854837313365286,complete,63,0.004862319984736632,0.6780679527155673,complete,71,"[""1e-3"", ""1e+1"", ""1e+2""]","{""w_Delta2_u"": 100.0, ""w_Delta_u"": 10.0, ""w_u"": 0.001}","[0.001, 10.0, 100.0]"
point_034,34,0.1452753956940645,1.337191286660944,complete,64,0.21973640764888414,0.9464073941659682,complete,71,"[""1e-3"", ""1e+1"", ""1e+3""]","{""w_Delta2_u"": 1000.0, ""w_Delta_u"": 10.0, ""w_u"": 0.001}","[0.001, 10.0, 1000.0]"
point_035,35,0.17471400631899964,1.503444753099944,complete,63,0.0030135311773453045,0.6042423081700421,complete,71,"[""1e-3"", ""1e+2"", ""1e-3""]","{""w_Delta2_u"": 0.001, ""w_Delta_u"": 100.0, ""w_u"": 0.001}","[0.001, 100.0, 0.001]"
point_036,36,0.17302230580170663,1.522509453080346,complete,63,0.003127836877187436,0.6033431739156515,complete,71,"[""1e-3"", ""1e+2"", ""1e-2""]","{""w_Delta2_u"": 0.01, ""w_Delta_u"": 100.0, ""w_u"": 0.001}","[0.001, 100.0, 0.01]"
point_037,37,0.17405320024126636,1.5120937023885257,complete,63,0.004126176764436719,0.5932680995428514,complete,71,"[""1e-3"", ""1e+2"", ""1e-1""]","{""w_Delta2_u"": 0.1, ""w_Delta_u"": 100.0, ""w_u"": 0.001}","[0.001, 100.0, 0.1]"
point_038,38,0.1731472325392395,1.5239843230885914,complete,64,0.00873015121451726,0.5320288808546145,complete,71,"[""1e-3"", ""1e+2"", ""1e+0""]","{""w_Delta2_u"": 1.0, ""w_Delta_u"": 100.0, ""w_u"": 0.001}","[0.001, 100.0, 1.0]"
point_039,39,0.18254574357464548,1.4703478050222665,complete,63,0.009526610067120404,0.46491840430024717,complete,71,"[""1e-3"", ""1e+2"", ""1e+1""]","{""w_Delta2_u"": 10.0, ""w_Delta_u"": 100.0, ""w_u"": 0.001}","[0.001, 100.0, 10.0]"
point_040,40,0.20289860184891717,1.2957277945918542,complete,64,0.07078680730902256,0.6112374000824549,complete,71,"[""1e-3"", ""1e+2"", ""1e+2""]","{""w_Delta2_u"": 100.0, ""w_Delta_u"": 100.0, ""w_u"": 0.001}","[0.001, 100.0, 100.0]"
point_041,41,0.21913509636692333,1.0595570251438775,complete,63,0.22362348767861207,0.9622118995967145,complete,71,"[""1e-3"", ""1e+2"", ""1e+3""]","{""w_Delta2_u"": 1000.0, ""w_Delta_u"": 100.0, ""w_u"": 0.001}","[0.001, 100.0, 1000.0]"
point_042,42,0.2388277761098593,1.0010403847359,complete,64,0.22532918127023113,0.9714986994168657,complete,71,"[""1e-3"", ""1e+3"", ""1e-3""]","{""w_Delta2_u"": 0.001, ""w_Delta_u"": 1000.0, ""w_u"": 0.001}","[0.001, 1000.0, 0.001]"
point_043,43,0.23882945585485982,1.0010201090181319,complete,63,0.22531886314770952,0.9714702107215256,complete,71,"[""1e-3"", ""1e+3"", ""1e-2""]","{""w_Delta2_u"": 0.01, ""w_Delta_u"": 1000.0, ""w_u"": 0.001}","[0.001, 1000.0, 0.01]"
point_044,44,0.2388295030834075,1.0010191779619992,complete,63,0.22532218110980248,0.971472238815265,complete,71,"[""1e-3"", ""1e+3"", ""1e-1""]","{""w_Delta2_u"": 0.1, ""w_Delta_u"": 1000.0, ""w_u"": 0.001}","[0.001, 1000.0, 0.1]"
point_045,45,0.23882884557153156,1.0010321881140498,complete,63,0.22536341801456067,0.9714751954128499,complete,71,"[""1e-3"", ""1e+3"", ""1e+0""]","{""w_Delta2_u"": 1.0, ""w_Delta_u"": 1000.0, ""w_u"": 0.001}","[0.001, 1000.0, 1.0]"
point_046,46,0.23882807805876405,1.0010362444801435,complete,64,0.22581570574593898,0.9715615024638661,complete,71,"[""1e-3"", ""1e+3"", ""1e+1""]","{""w_Delta2_u"": 10.0, ""w_Delta_u"": 1000.0, ""w_u"": 0.001}","[0.001, 1000.0, 10.0]"
point_047,47,0.23882897551688048,1.0010288059517098,complete,64,0.2286127348997316,0.974525496189232,complete,71,"[""1e-3"", ""1e+3"", ""1e+2""]","{""w_Delta2_u"": 100.0, ""w_Delta_u"": 1000.0, ""w_u"": 0.001}","[0.001, 1000.0, 100.0]"
point_048,48,0.23883704339414746,1.0009650213815264,complete,63,0.23312968506629173,0.9861038968178139,complete,71,"[""1e-3"", ""1e+3"", ""1e+3""]","{""w_Delta2_u"": 1000.0, ""w_Delta_u"": 1000.0, ""w_u"": 0.001}","[0.001, 1000.0, 1000.0]"
point_049,49,0.08170339943787919,1.7585070322838618,complete,63,0.0004408762911897055,0.28280434623001455,complete,71,"[""1e-2"", ""1e-3"", ""1e-3""]","{""w_Delta2_u"": 0.001, ""w_Delta_u"": 0.001, ""w_u"": 0.01}","[0.01, 0.001, 0.001]"
point_050,50,0.08067474294268848,1.7561073959954285,complete,63,0.0005199319202592379,0.2784749550755142,complete,71,"[""1e-2"", ""1e-3"", ""1e-2""]","{""w_Delta2_u"": 0.01, ""w_Delta_u"": 0.001, ""w_u"": 0.01}","[0.01, 0.001, 0.01]"
point_051,51,0.08270955289268413,1.7161170586913284,complete,63,0.0006433142610248557,0.24826151069807592,complete,71,"[""1e-2"", ""1e-3"", ""1e-1""]","{""w_Delta2_u"": 0.1, ""w_Delta_u"": 0.001, ""w_u"": 0.01}","[0.01, 0.001, 0.1]"
point_052,52,0.08695672767582205,1.475978580786388,complete,63,0.00030172321398051825,0.21371928968318854,complete,71,"[""1e-2"", ""1e-3"", ""1e+0""]","{""w_Delta2_u"": 1.0, ""w_Delta_u"": 0.001, ""w_u"": 0.01}","[0.01, 0.001, 1.0]"
point_053,53,0.08970984656474981,1.0222392433948848,complete,63,0.0002938370150455832,0.24720415204674967,complete,71,"[""1e-2"", ""1e-3"", ""1e+1""]","{""w_Delta2_u"": 10.0, ""w_Delta_u"": 0.001, ""w_u"": 0.01}","[0.01, 0.001, 10.0]"
point_054,54,0.06992485149071846,0.49964614666211676,complete,63,0.0020617803118415426,0.5167141502229305,complete,71,"[""1e-2"", ""1e-3"", ""1e+2""]","{""w_Delta2_u"": 100.0, ""w_Delta_u"": 0.001, ""w_u"": 0.01}","[0.01, 0.001, 100.0]"
point_055,55,0.1521146240474843,0.7388078255676239,complete,63,0.2186129419147938,0.9468261277864557,complete,71,"[""1e-2"", ""1e-3"", ""1e+3""]","{""w_Delta2_u"": 1000.0, ""w_Delta_u"": 0.001, ""w_u"": 0.01}","[0.01, 0.001, 1000.0]"
point_056,56,0.08128707495204396,1.7169323258679274,complete,63,0.0005427953920001586,0.2643146195185164,complete,71,"[""1e-2"", ""1e-2"", ""1e-3""]","{""w_Delta2_u"": 0.001, ""w_Delta_u"": 0.01, ""w_u"": 0.01}","[0.01, 0.01, 0.001]"
point_057,57,0.08022046105673114,1.7126254139993267,complete,64,0.0006017049382007029,0.2601839677400881,complete,71,"[""1e-2"", ""1e-2"", ""1e-2""]","{""w_Delta2_u"": 0.01, ""w_Delta_u"": 0.01, ""w_u"": 0.01}","[0.01, 0.01, 0.01]"
point_058,58,0.08109535502532494,1.675127708832131,complete,64,0.0006571026622807589,0.2322521854521609,complete,71,"[""1e-2"", ""1e-2"", ""1e-1""]","{""w_Delta2_u"": 0.1, ""w_Delta_u"": 0.01, ""w_u"": 0.01}","[0.01, 0.01, 0.1]"
point_059,59,0.08646685730030387,1.446738271162224,complete,63,0.00032371101937846245,0.2083889409326316,complete,71,"[""1e-2"", ""1e-2"", ""1e+0""]","{""w_Delta2_u"": 1.0, ""w_Delta_u"": 0.01, ""w_u"": 0.01}","[0.01, 0.01, 1.0]"
point_060,60,0.08898883786959381,1.0128533962360808,complete,63,0.0003169291790412977,0.2436655852236829,complete,71,"[""1e-2"", ""1e-2"", ""1e+1""]","{""w_Delta2_u"": 10.0, ""w_Delta_u"": 0.01, ""w_u"": 0.01}","[0.01, 0.01, 10.0]"
point_061,61,0.06834136091777772,0.49919486068774627,complete,64,0.0020985790635972544,0.5133635820180782,complete,71,"[""1e-2"", ""1e-2"", ""1e+2""]","{""w_Delta2_u"": 100.0, ""w_Delta_u"": 0.01, ""w_u"": 0.01}","[0.01, 0.01, 100.0]"
point_062,62,0.1494287127216165,0.7221514748307232,complete,63,0.21861081357816767,0.9468140102897681,complete,71,"[""1e-2"", ""1e-2"", ""1e+3""]","{""w_Delta2_u"": 1000.0, ""w_Delta_u"": 0.01, ""w_u"": 0.01}","[0.01, 0.01, 1000.0]"
point_063,63,0.08713254455005434,1.3497777678480034,complete,63,0.0005754538120446284,0.15919441217014413,complete,71,"[""1e-2"", ""1e-1"", ""1e-3""]","{""w_Delta2_u"": 0.001, ""w_Delta_u"": 0.1, ""w_u"": 0.01}","[0.01, 0.1, 0.001]"
point_064,64,0.08713025994915508,1.3471818133459852,complete,63,0.0005831774665610678,0.15851413551003432,complete,71,"[""1e-2"", ""1e-1"", ""1e-2""]","{""w_Delta2_u"": 0.01, ""w_Delta_u"": 0.1, ""w_u"": 0.01}","[0.01, 0.1, 0.01]"
point_065,65,0.08665488338479467,1.32175954388671,complete,64,0.0005467856762862952,0.1570465912404847,complete,71,"[""1e-2"", ""1e-1"", ""1e-1""]","{""w_Delta2_u"": 0.1, ""w_Delta_u"": 0.1, ""w_u"": 0.01}","[0.01, 0.1, 0.1]"
point_066,66,0.09167442477710785,1.1904092731443852,complete,63,0.0004334290643680621,0.17290438305280448,complete,71,"[""1e-2"", ""1e-1"", ""1e+0""]","{""w_Delta2_u"": 1.0, ""w_Delta_u"": 0.1, ""w_u"": 0.01}","[0.01, 0.1, 1.0]"
point_067,67,0.0904278114772375,0.8815506924797228,complete,64,0.00045666859204557156,0.21948781378634377,complete,71,"[""1e-2"", ""1e-1"", ""1e+1""]","{""w_Delta2_u"": 10.0, ""w_Delta_u"": 0.1, ""w_u"": 0.01}","[0.01, 0.1, 10.0]"
point_068,68,0.0710432159347621,0.4861025263497893,complete,64,0.0023699060939078812,0.4872189083730692,complete,71,"[""1e-2"", ""1e-1"", ""1e+2""]","{""w_Delta2_u"": 100.0, ""w_Delta_u"": 0.1, ""w_u"": 0.01}","[0.01, 0.1, 100.0]"
point_069,69,0.15266080666205958,0.7376390461737824,complete,63,0.21862041347765485,0.9467874805011585,complete,71,"[""1e-2"", ""1e-1"", ""1e+3""]","{""w_Delta2_u"": 1000.0, ""w_Delta_u"": 0.1, ""w_u"": 0.01}","[0.01, 0.1, 1000.0]"
point_070,70,0.08924560526511684,0.7972490807226841,complete,63,0.00022344661726458152,0.2072947470551775,complete,71,"[""1e-2"", ""1e+0"", ""1e-3""]","{""w_Delta2_u"": 0.001, ""w_Delta_u"": 1.0, ""w_u"": 0.01}","[0.01, 1.0, 0.001]"
point_071,71,0.08474204684044183,0.8575601744545684,complete,64,0.0002507666775156119,0.20366107917592263,complete,71,"[""1e-2"", ""1e+0"", ""1e-2""]","{""w_Delta2_u"": 0.01, ""w_Delta_u"": 1.0, ""w_u"": 0.01}","[0.01, 1.0, 0.01]"
point_072,72,0.08743057789395206,0.8223668369121273,complete,63,0.0004134753169752504,0.18184799720918104,complete,71,"[""1e-2"", ""1e+0"", ""1e-1""]","{""w_Delta2_u"": 0.1, ""w_Delta_u"": 1.0, ""w_u"": 0.01}","[0.01, 1.0, 0.1]"
point_073,73,0.08794991568861385,0.8012437455849966,complete,64,0.0005590637876434617,0.10449782354706005,complete,71,"[""1e-2"", ""1e+0"", ""1e+0""]","{""w_Delta2_u"": 1.0, ""w_Delta_u"": 1.0, ""w_u"": 0.01}","[0.01, 1.0, 1.0]"
point_074,74,0.09471736459000481,0.5834054948450841,complete,63,0.0005465139125320778,0.17254100290857968,complete,71,"[""1e-2"", ""1e+0"", ""1e+1""]","{""w_Delta2_u"": 10.0, ""w_Delta_u"": 1.0, ""w_u"": 0.01}","[0.01, 1.0, 10.0]"
point_075,75,0.08632860798154782,0.7360512266862143,complete,62,0.003640376850548668,0.4645027026483972,complete,71,"[""1e-2"", ""1e+0"", ""1e+2""]","{""w_Delta2_u"": 100.0, ""w_Delta_u"": 1.0, ""w_u"": 0.01}","[0.01, 1.0, 100.0]"
point_076,76,0.15758017555740614,0.7706575534439207,complete,63,0.2187485661556798,0.9466815210030036,complete,71,"[""1e-2"", ""1e+0"", ""1e+3""]","{""w_Delta2_u"": 1000.0, ""w_Delta_u"": 1.0, ""w_u"": 0.01}","[0.01, 1.0, 1000.0]"
point_077,77,0.06431565022537691,1.6657947682982264,complete,63,0.000299476398983661,0.29761549624091327,complete,71,"[""1e-2"", ""1e+1"", ""1e-3""]","{""w_Delta2_u"": 0.001, ""w_Delta_u"": 10.0, ""w_u"": 0.01}","[0.01, 10.0, 0.001]"
point_078,78,0.0641430251432902,1.6685221143155937,complete,63,0.0003260747931545065,0.2948814922297736,complete,71,"[""1e-2"", ""1e+1"", ""1e-2""]","{""w_Delta2_u"": 0.01, ""w_Delta_u"": 10.0, ""w_u"": 0.01}","[0.01, 10.0, 0.01]"
point_079,79,0.066578913303161,1.6532088849564053,complete,63,0.0004994340540692543,0.2716727421673483,complete,71,"[""1e-2"", ""1e+1"", ""1e-1""]","{""w_Delta2_u"": 0.1, ""w_Delta_u"": 10.0, ""w_u"": 0.01}","[0.01, 10.0, 0.1]"
point_080,80,0.07182676578549368,1.67881598709357,complete,63,0.00043849240393933046,0.17932207716409346,complete,71,"[""1e-2"", ""1e+1"", ""1e+0""]","{""w_Delta2_u"": 1.0, ""w_Delta_u"": 10.0, ""w_u"": 0.01}","[0.01, 10.0, 1.0]"
point_081,81,0.09219634016487271,1.6934286227636013,complete,63,0.0004225927124377473,0.1605966283640907,complete,71,"[""1e-2"", ""1e+1"", ""1e+1""]","{""w_Delta2_u"": 10.0, ""w_Delta_u"": 10.0, ""w_u"": 0.01}","[0.01, 10.0, 10.0]"
point_082,82,0.10569443893534383,1.67849730889606,complete,64,0.00499229350047119,0.48889925106582227,complete,71,"[""1e-2"", ""1e+1"", ""1e+2""]","{""w_Delta2_u"": 100.0, ""w_Delta_u"": 10.0, ""w_u"": 0.01}","[0.01, 10.0, 100.0]"
point_083,83,0.16851129381443986,1.0530150470411717,complete,63,0.21977046259440786,0.9465008534293468,complete,71,"[""1e-2"", ""1e+1"", ""1e+3""]","{""w_Delta2_u"": 1000.0, ""w_Delta_u"": 10.0, ""w_u"": 0.01}","[0.01, 10.0, 1000.0]"
point_084,84,0.1767379927484753,1.177743671530309,complete,62,0.0034938893089553644,0.46778681560679625,complete,71,"[""1e-2"", ""1e+2"", ""1e-3""]","{""w_Delta2_u"": 0.001, ""w_Delta_u"": 100.0, ""w_u"": 0.01}","[0.01, 100.0, 0.001]"
point_085,85,0.1754669375521857,1.1712254598209295,complete,64,0.003599076194897366,0.46664859620093974,complete,71,"[""1e-2"", ""1e+2"", ""1e-2""]","{""w_Delta2_u"": 0.01, ""w_Delta_u"": 100.0, ""w_u"": 0.01}","[0.01, 100.0, 0.01]"
point_086,86,0.1761866869276618,1.1719700174561967,complete,63,0.0045716591825020105,0.4577456417226507,complete,71,"[""1e-2"", ""1e+2"", ""1e-1""]","{""w_Delta2_u"": 0.1, ""w_Delta_u"": 100.0, ""w_u"": 0.01}","[0.01, 100.0, 0.1]"
point_087,87,0.17690659344646584,1.1712444689016805,complete,63,0.009012922394178715,0.4036783005921867,complete,71,"[""1e-2"", ""1e+2"", ""1e+0""]","{""w_Delta2_u"": 1.0, ""w_Delta_u"": 100.0, ""w_u"": 0.01}","[0.01, 100.0, 1.0]"
point_088,88,0.18428341850937957,1.1481928618900334,complete,64,0.00982663372914344,0.3667582166810472,complete,71,"[""1e-2"", ""1e+2"", ""1e+1""]","{""w_Delta2_u"": 10.0, ""w_Delta_u"": 100.0, ""w_u"": 0.01}","[0.01, 100.0, 10.0]"
point_089,89,0.205706754618669,1.087094564586793,complete,63,0.07096914528137326,0.6022568518320364,complete,71,"[""1e-2"", ""1e+2"", ""1e+2""]","{""w_Delta2_u"": 100.0, ""w_Delta_u"": 100.0, ""w_u"": 0.01}","[0.01, 100.0, 100.0]"
point_090,90,0.21926195619150934,1.0353960277836125,complete,63,0.2236211767088026,0.9622165837883271,complete,71,"[""1e-2"", ""1e+2"", ""1e+3""]","{""w_Delta2_u"": 1000.0, ""w_Delta_u"": 100.0, ""w_u"": 0.01}","[0.01, 100.0, 1000.0]"
point_091,91,0.23883013235362646,1.001057019176802,complete,63,0.22532809341499618,0.9714919826958033,complete,71,"[""1e-2"", ""1e+3"", ""1e-3""]","{""w_Delta2_u"": 0.001, ""w_Delta_u"": 1000.0, ""w_u"": 0.01}","[0.01, 1000.0, 0.001]"
point_092,92,0.2388301546887808,1.0010565615729605,complete,63,0.22534005684291972,0.9715219990380756,complete,71,"[""1e-2"", ""1e+3"", ""1e-2""]","{""w_Delta2_u"": 0.01, ""w_Delta_u"": 1000.0, ""w_u"": 0.01}","[0.01, 1000.0, 0.01]"
point_093,93,0.2388286167601976,1.0010752735153587,complete,64,0.22531718981712512,0.9714554498680381,complete,71,"[""1e-2"", ""1e+3"", ""1e-1""]","{""w_Delta2_u"": 0.1, ""w_Delta_u"": 1000.0, ""w_u"": 0.01}","[0.01, 1000.0, 0.1]"
point_094,94,0.23883025396617982,1.001054632943368,complete,63,0.22536320754482017,0.9714704501975526,complete,71,"[""1e-2"", ""1e+3"", ""1e+0""]","{""w_Delta2_u"": 1.0, ""w_Delta_u"": 1000.0, ""w_u"": 0.01}","[0.01, 1000.0, 1.0]"
point_095,95,0.23883030789677193,1.0010546037628523,complete,63,0.2258308637436393,0.9715990807958199,complete,71,"[""1e-2"", ""1e+3"", ""1e+1""]","{""w_Delta2_u"": 10.0, ""w_Delta_u"": 1000.0, ""w_u"": 0.01}","[0.01, 1000.0, 10.0]"
point_096,96,0.23883097032429396,1.0010515298663354,complete,63,0.22861140665061688,0.9745215237657975,complete,71,"[""1e-2"", ""1e+3"", ""1e+2""]","{""w_Delta2_u"": 100.0, ""w_Delta_u"": 1000.0, ""w_u"": 0.01}","[0.01, 1000.0, 100.0]"
point_097,97,0.23883755893022235,1.0010068148593683,complete,63,0.23313180702654063,0.9861090836921574,complete,71,"[""1e-2"", ""1e+3"", ""1e+3""]","{""w_Delta2_u"": 1000.0, ""w_Delta_u"": 1000.0, ""w_u"": 0.01}","[0.01, 1000.0, 1000.0]"
point_098,98,0.1787242187658577,0.6281358694840931,complete,63,0.00032042661278617164,0.15758087083510422,complete,71,"[""1e-1"", ""1e-3"", ""1e-3""]","{""w_Delta2_u"": 0.001, ""w_Delta_u"": 0.001, ""w_u"": 0.1}","[0.1, 0.001, 0.001]"
point_099,99,0.17584393778492027,0.6229409668493877,complete,64,0.0003874906531459901,0.15374803975946497,complete,71,"[""1e-1"", ""1e-3"", ""1e-2""]","{""w_Delta2_u"": 0.01, ""w_Delta_u"": 0.001, ""w_u"": 0.1}","[0.1, 0.001, 0.01]"
point_100,100,0.17601825577802332,0.6229754347152121,complete,64,0.000546774383524841,0.12807434666865522,complete,71,"[""1e-1"", ""1e-3"", ""1e-1""]","{""w_Delta2_u"": 0.1, ""w_Delta_u"": 0.001, ""w_u"": 0.1}","[0.1, 0.001, 0.1]"
point_101,101,0.1784652368484232,0.6254060679831412,complete,63,0.0004729214384654757,0.09164329402346075,complete,71,"[""1e-1"", ""1e-3"", ""1e+0""]","{""w_Delta2_u"": 1.0, ""w_Delta_u"": 0.001, ""w_u"": 0.1}","[0.1, 0.001, 1.0]"
point_102,102,0.18444566510969063,0.6458316426208625,complete,63,0.0004716717470187814,0.19274131826872273,complete,71,"[""1e-1"", ""1e-3"", ""1e+1""]","{""w_Delta2_u"": 10.0, ""w_Delta_u"": 0.001, ""w_u"": 0.1}","[0.1, 0.001, 10.0]"
point_103,103,0.19370918767275647,0.7480257413052045,complete,63,0.0022896721963377347,0.3368213179885389,complete,71,"[""1e-1"", ""1e-3"", ""1e+2""]","{""w_Delta2_u"": 100.0, ""w_Delta_u"": 0.001, ""w_u"": 0.1}","[0.1, 0.001, 100.0]"
point_104,104,0.2112852203389527,0.8680643060474996,complete,64,0.21882666533433257,0.9469539029131284,complete,71,"[""1e-1"", ""1e-3"", ""1e+3""]","{""w_Delta2_u"": 1000.0, ""w_Delta_u"": 0.001, ""w_u"": 0.1}","[0.1, 0.001, 1000.0]"
point_105,105,0.17890563603141302,0.6288125847611975,complete,63,0.00034743845033498983,0.15093182614524153,complete,71,"[""1e-1"", ""1e-2"", ""1e-3""]","{""w_Delta2_u"": 0.001, ""w_Delta_u"": 0.01, ""w_u"": 0.1}","[0.1, 0.01, 0.001]"
point_106,106,0.17564153752839898,0.6228811521095802,complete,64,0.00040691914373289494,0.147415581081908,complete,71,"[""1e-1"", ""1e-2"", ""1e-2""]","{""w_Delta2_u"": 0.01, ""w_Delta_u"": 0.01, ""w_u"": 0.1}","[0.1, 0.01, 0.01]"
point_107,107,0.17898191139857464,0.6286833361227383,complete,63,0.0005441090211831008,0.12397583207402935,complete,71,"[""1e-1"", ""1e-2"", ""1e-1""]","{""w_Delta2_u"": 0.1, ""w_Delta_u"": 0.01, ""w_u"": 0.1}","[0.1, 0.01, 0.1]"
point_108,108,0.17973979705216753,0.6284368066137445,complete,63,0.00047666542664893133,0.08961861659706982,complete,71,"[""1e-1"", ""1e-2"", ""1e+0""]","{""w_Delta2_u"": 1.0, ""w_Delta_u"": 0.01, ""w_u"": 0.1}","[0.1, 0.01, 1.0]"
point_109,109,0.18416506680822184,0.6455439732415204,complete,63,0.000476709290320226,0.19200550108051806,complete,71,"[""1e-1"", ""1e-2"", ""1e+1""]","{""w_Delta2_u"": 10.0, ""w_Delta_u"": 0.01, ""w_u"": 0.1}","[0.1, 0.01, 10.0]"
point_110,110,0.19153613083252663,0.7415278667359483,complete,64,0.00231653885121104,0.3360839273971555,complete,71,"[""1e-1"", ""1e-2"", ""1e+2""]","{""w_Delta2_u"": 100.0, ""w_Delta_u"": 0.01, ""w_u"": 0.1}","[0.1, 0.01, 100.0]"
point_111,111,0.21136928915248757,0.8685123054371506,complete,64,0.2188126500417045,0.9469075497355625,complete,71,"[""1e-1"", ""1e-2"", ""1e+3""]","{""w_Delta2_u"": 1000.0, ""w_Delta_u"": 0.01, ""w_u"": 0.1}","[0.1, 0.01, 1000.0]"
point_112,112,0.1797444212537277,0.6338090066178602,complete,63,0.0004142833558053707,0.11982486920966494,complete,71,"[""1e-1"", ""1e-1"", ""1e-3""]","{""w_Delta2_u"": 0.001, ""w_Delta_u"": 0.1, ""w_u"": 0.1}","[0.1, 0.1, 0.001]"
point_113,113,0.17931406112165987,0.632993811761965,complete,63,0.0004400582657497831,0.11762765811140989,complete,71,"[""1e-1"", ""1e-1"", ""1e-2""]","{""w_Delta2_u"": 0.01, ""w_Delta_u"": 0.1, ""w_u"": 0.1}","[0.1, 0.1, 0.01]"
point_114,114,0.17959421036652726,0.6333220690562505,complete,63,0.000500012549659317,0.10508613849333659,complete,71,"[""1e-1"", ""1e-1"", ""1e-1""]","{""w_Delta2_u"": 0.1, ""w_Delta_u"": 0.1, ""w_u"": 0.1}","[0.1, 0.1, 0.1]"
point_115,115,0.17806725133358486,0.6292340894264729,complete,64,0.0005050403353879991,0.0770242684938476,complete,71,"[""1e-1"", ""1e-1"", ""1e+0""]","{""w_Delta2_u"": 1.0, ""w_Delta_u"": 0.1, ""w_u"": 0.1}","[0.1, 0.1, 1.0]"
point_116,116,0.18471952933341393,0.6510062749910801,complete,63,0.0005071244405328067,0.18820819992675022,complete,71,"[""1e-1"", ""1e-1"", ""1e+1""]","{""w_Delta2_u"": 10.0, ""w_Delta_u"": 0.1, ""w_u"": 0.1}","[0.1, 0.1, 10.0]"
point_117,117,0.1936454153092192,0.7494141584662507,complete,63,0.0025607007608742737,0.32966077483943185,complete,71,"[""1e-1"", ""1e-1"", ""1e+2""]","{""w_Delta2_u"": 100.0, ""w_Delta_u"": 0.1, ""w_u"": 0.1}","[0.1, 0.1, 100.0]"
point_118,118,0.21333437554033283,0.8799207145147325,complete,63,0.2188026258885231,0.9468413229595952,complete,71,"[""1e-1"", ""1e-1"", ""1e+3""]","{""w_Delta2_u"": 1000.0, ""w_Delta_u"": 0.1, ""w_u"": 0.1}","[0.1, 0.1, 1000.0]"
point_119,119,0.18263794471147043,0.683795797400689,complete,64,0.00033561761218548045,0.10200085563238315,complete,71,"[""1e-1"", ""1e+0"", ""1e-3""]","{""w_Delta2_u"": 0.001, ""w_Delta_u"": 1.0, ""w_u"": 0.1}","[0.1, 1.0, 0.001]"
point_120,120,0.1824544759892736,0.6835919120435919,complete,64,0.0003599419222870659,0.0999856625633087,complete,71,"[""1e-1"", ""1e+0"", ""1e-2""]","{""w_Delta2_u"": 0.01, ""w_Delta_u"": 1.0, ""w_u"": 0.1}","[0.1, 1.0, 0.01]"
point_121,121,0.18272475339506386,0.6839410509970626,complete,64,0.0005057308382113081,0.09020454642217714,complete,71,"[""1e-1"", ""1e+0"", ""1e-1""]","{""w_Delta2_u"": 0.1, ""w_Delta_u"": 1.0, ""w_u"": 0.1}","[0.1, 1.0, 0.1]"
point_122,122,0.1837869317501807,0.6858665959617745,complete,64,0.0005916909376637612,0.07586054900245487,complete,71,"[""1e-1"", ""1e+0"", ""1e+0""]","{""w_Delta2_u"": 1.0, ""w_Delta_u"": 1.0, ""w_u"": 0.1}","[0.1, 1.0, 1.0]"
point_123,123,0.18728403082297232,0.6999792024270536,complete,64,0.0005790947285401157,0.1714142506860422,complete,71,"[""1e-1"", ""1e+0"", ""1e+1""]","{""w_Delta2_u"": 10.0, ""w_Delta_u"": 1.0, ""w_u"": 0.1}","[0.1, 1.0, 10.0]"
point_124,124,0.19524715961903272,0.7700883530865521,complete,64,0.003827669358112255,0.2940761339403902,complete,71,"[""1e-1"", ""1e+0"", ""1e+2""]","{""w_Delta2_u"": 100.0, ""w_Delta_u"": 1.0, ""w_u"": 0.1}","[0.1, 1.0, 100.0]"
point_125,125,0.21336191045490366,0.8786808683589924,complete,63,0.21893181075049753,0.9467834860548314,complete,71,"[""1e-1"", ""1e+0"", ""1e+3""]","{""w_Delta2_u"": 1000.0, ""w_Delta_u"": 1.0, ""w_u"": 0.1}","[0.1, 1.0, 1000.0]"
point_126,126,0.19805938528917674,0.9020723703973962,complete,64,0.0003971549046027705,0.17001146718406637,complete,71,"[""1e-1"", ""1e+1"", ""1e-3""]","{""w_Delta2_u"": 0.001, ""w_Delta_u"": 10.0, ""w_u"": 0.1}","[0.1, 10.0, 0.001]"
point_127,127,0.2000456664456156,0.9013952788170212,complete,63,0.00041940103953490147,0.16946554567526798,complete,71,"[""1e-1"", ""1e+1"", ""1e-2""]","{""w_Delta2_u"": 0.01, ""w_Delta_u"": 10.0, ""w_u"": 0.1}","[0.1, 10.0, 0.01]"
point_128,128,0.20033154753523577,0.9014166370922041,complete,63,0.0005555478793522461,0.1627430189509077,complete,71,"[""1e-1"", ""1e+1"", ""1e-1""]","{""w_Delta2_u"": 0.1, ""w_Delta_u"": 10.0, ""w_u"": 0.1}","[0.1, 10.0, 0.1]"
point_129,129,0.2004962084844433,0.9016616982175387,complete,63,0.00048658026714173063,0.13535361627139425,complete,71,"[""1e-1"", ""1e+1"", ""1e+0""]","{""w_Delta2_u"": 1.0, ""w_Delta_u"": 10.0, ""w_u"": 0.1}","[0.1, 10.0, 1.0]"
point_130,130,0.20211796868687396,0.904478472610004,complete,64,0.0004889719751491439,0.1573649216000496,complete,71,"[""1e-1"", ""1e+1"", ""1e+1""]","{""w_Delta2_u"": 10.0, ""w_Delta_u"": 10.0, ""w_u"": 0.1}","[0.1, 10.0, 10.0]"
point_131,131,0.20890543970673797,0.9068766915771176,complete,63,0.00468307020237707,0.2734008266030422,complete,71,"[""1e-1"", ""1e+1"", ""1e+2""]","{""w_Delta2_u"": 100.0, ""w_Delta_u"": 10.0, ""w_u"": 0.1}","[0.1, 10.0, 100.0]"
point_132,132,0.21943444583178862,0.9227874146382319,complete,63,0.21987612469574813,0.9467498792887528,complete,71,"[""1e-1"", ""1e+1"", ""1e+3""]","{""w_Delta2_u"": 1000.0, ""w_Delta_u"": 10.0, ""w_u"": 0.1}","[0.1, 10.0, 1000.0]"
point_133,133,0.22308270084013365,1.0049361260100513,complete,64,0.0035363348343810013,0.17117227978462632,complete,71,"[""1e-1"", ""1e+2"", ""1e-3""]","{""w_Delta2_u"": 0.001, ""w_Delta_u"": 100.0, ""w_u"": 0.1}","[0.1, 100.0, 0.001]"
point_134,134,0.22306728120584549,1.0049505978450528,complete,64,0.003647679362472173,0.1710335987403033,complete,71,"[""1e-1"", ""1e+2"", ""1e-2""]","{""w_Delta2_u"": 0.01, ""w_Delta_u"": 100.0, ""w_u"": 0.1}","[0.1, 100.0, 0.01]"
point_135,135,0.22417657667399696,1.0040509206685801,complete,63,0.004484919662004855,0.16710093952661215,complete,71,"[""1e-1"", ""1e+2"", ""1e-1""]","{""w_Delta2_u"": 0.1, ""w_Delta_u"": 100.0, ""w_u"": 0.1}","[0.1, 100.0, 0.1]"
point_136,136,0.22428296118670207,1.003947570318803,complete,63,0.008703278876928787,0.1549127116096889,complete,71,"[""1e-1"", ""1e+2"", ""1e+0""]","{""w_Delta2_u"": 1.0, ""w_Delta_u"": 100.0, ""w_u"": 0.1}","[0.1, 100.0, 1.0]"
point_137,137,0.22474479846332182,1.003237089544236,complete,63,0.00995699263827832,0.17296570004875472,complete,71,"[""1e-1"", ""1e+2"", ""1e+1""]","{""w_Delta2_u"": 10.0, ""w_Delta_u"": 100.0, ""w_u"": 0.1}","[0.1, 100.0, 10.0]"
point_138,138,0.22731426469620716,1.0007098372654077,complete,63,0.0724376103225159,0.5614469971300172,complete,71,"[""1e-1"", ""1e+2"", ""1e+2""]","{""w_Delta2_u"": 100.0, ""w_Delta_u"": 100.0, ""w_u"": 0.1}","[0.1, 100.0, 100.0]"
point_139,139,0.23237108340205584,0.9983250971813096,complete,63,0.2236510881428196,0.962357868203832,complete,71,"[""1e-1"", ""1e+2"", ""1e+3""]","{""w_Delta2_u"": 1000.0, ""w_Delta_u"": 100.0, ""w_u"": 0.1}","[0.1, 100.0, 1000.0]"
point_140,140,0.238828585880067,1.001103891902687,complete,64,0.22536071837942132,0.9715271980524668,complete,71,"[""1e-1"", ""1e+3"", ""1e-3""]","{""w_Delta2_u"": 0.001, ""w_Delta_u"": 1000.0, ""w_u"": 0.1}","[0.1, 1000.0, 0.001]"
point_141,141,0.23883019250420567,1.0011028459431104,complete,63,0.22536121712667,0.9715282851024282,complete,71,"[""1e-1"", ""1e+3"", ""1e-2""]","{""w_Delta2_u"": 0.01, ""w_Delta_u"": 1000.0, ""w_u"": 0.1}","[0.1, 1000.0, 0.01]"
point_142,142,0.23882946604107774,1.001111026781795,complete,63,0.22536095065839007,0.9715210741113868,complete,71,"[""1e-1"", ""1e+3"", ""1e-1""]","{""w_Delta2_u"": 0.1, ""w_Delta_u"": 1000.0, ""w_u"": 0.1}","[0.1, 1000.0, 0.1]"
point_143,143,0.23882880692406994,1.0011019502633691,complete,64,0.22538241311862942,0.9714882250891809,complete,71,"[""1e-1"", ""1e+3"", ""1e+0""]","{""w_Delta2_u"": 1.0, ""w_Delta_u"": 1000.0, ""w_u"": 0.1}","[0.1, 1000.0, 1.0]"
point_144,144,0.23883014657018373,1.0011041671020098,complete,63,0.22583880080631658,0.971584899533891,complete,71,"[""1e-1"", ""1e+3"", ""1e+1""]","{""w_Delta2_u"": 10.0, ""w_Delta_u"": 1000.0, ""w_u"": 0.1}","[0.1, 1000.0, 10.0]"
point_145,145,0.238830847259855,1.001102475523662,complete,63,0.22862254871656698,0.9745545893817756,complete,71,"[""1e-1"", ""1e+3"", ""1e+2""]","{""w_Delta2_u"": 100.0, ""w_Delta_u"": 1000.0, ""w_u"": 0.1}","[0.1, 1000.0, 100.0]"
point_146,146,0.23883693842084044,1.0010654011426312,complete,64,0.23313851513654635,0.9861179515357282,complete,71,"[""1e-1"", ""1e+3"", ""1e+3""]","{""w_Delta2_u"": 1000.0, ""w_Delta_u"": 1000.0, ""w_u"": 0.1}","[0.1, 1000.0, 1000.0]"
point_147,147,0.23880217096064163,0.9961818479101175,complete,63,0.000259224557547374,0.15833298478783642,complete,71,"[""1e+0"", ""1e-3"", ""1e-3""]","{""w_Delta2_u"": 0.001, ""w_Delta_u"": 0.001, ""w_u"": 1.0}","[1.0, 0.001, 0.001]"
point_148,148,0.23879979386165956,0.9961483062407538,complete,63,0.0003428837892502134,0.1546305870819978,complete,71,"[""1e+0"", ""1e-3"", ""1e-2""]","{""w_Delta2_u"": 0.01, ""w_Delta_u"": 0.001, ""w_u"": 1.0}","[1.0, 0.001, 0.01]"
point_149,149,0.2388002185741157,0.9961540466435906,complete,63,0.0006235003530319754,0.13104386693009223,complete,71,"[""1e+0"", ""1e-3"", ""1e-1""]","{""w_Delta2_u"": 0.1, ""w_Delta_u"": 0.001, ""w_u"": 1.0}","[1.0, 0.001, 0.1]"
point_150,150,0.23880013262912694,0.9961549007501822,complete,63,0.0002965229818134531,0.1392461035657134,complete,71,"[""1e+0"", ""1e-3"", ""1e+0""]","{""w_Delta2_u"": 1.0, ""w_Delta_u"": 0.001, ""w_u"": 1.0}","[1.0, 0.001, 1.0]"
point_151,151,0.23879806843907633,0.9961528121208004,complete,64,0.00023076749859891728,0.1736186907887045,complete,71,"[""1e+0"", ""1e-3"", ""1e+1""]","{""w_Delta2_u"": 10.0, ""w_Delta_u"": 0.001, ""w_u"": 1.0}","[1.0, 0.001, 10.0]"
point_152,152,0.23880406898781753,0.9963970207849812,complete,64,0.0037474616702094132,0.2540741530240569,complete,71,"[""1e+0"", ""1e-3"", ""1e+2""]","{""w_Delta2_u"": 100.0, ""w_Delta_u"": 0.001, ""w_u"": 1.0}","[1.0, 0.001, 100.0]"
point_153,153,0.23884019503431678,0.997964115681474,complete,63,0.21967073782295157,0.9481749276082906,complete,71,"[""1e+0"", ""1e-3"", ""1e+3""]","{""w_Delta2_u"": 1000.0, ""w_Delta_u"": 0.001, ""w_u"": 1.0}","[1.0, 0.001, 1000.0]"
point_154,154,0.2388023280700736,0.9961841629535366,complete,63,0.0003050842683471161,0.15632413075636895,complete,71,"[""1e+0"", ""1e-2"", ""1e-3""]","{""w_Delta2_u"": 0.001, ""w_Delta_u"": 0.01, ""w_u"": 1.0}","[1.0, 0.01, 0.001]"
point_155,155,0.23880160555159102,0.9961739435711325,complete,63,0.00038307972640892805,0.15234061236175653,complete,71,"[""1e+0"", ""1e-2"", ""1e-2""]","{""w_Delta2_u"": 0.01, ""w_Delta_u"": 0.01, ""w_u"": 1.0}","[1.0, 0.01, 0.01]"
point_156,156,0.23880001336590423,0.9961519132514332,complete,63,0.0006336146981480213,0.1302978681119786,complete,71,"[""1e+0"", ""1e-2"", ""1e-1""]","{""w_Delta2_u"": 0.1, ""w_Delta_u"": 0.01, ""w_u"": 1.0}","[1.0, 0.01, 0.1]"
point_157,157,0.23879787939682823,0.9961334137616634,complete,64,0.00030291182524831543,0.13931580990472145,complete,71,"[""1e+0"", ""1e-2"", ""1e+0""]","{""w_Delta2_u"": 1.0, ""w_Delta_u"": 0.01, ""w_u"": 1.0}","[1.0, 0.01, 1.0]"
point_158,158,0.23879846189870138,0.9961583089376135,complete,64,0.00023988023849505792,0.17343176888142844,complete,71,"[""1e+0"", ""1e-2"", ""1e+1""]","{""w_Delta2_u"": 10.0, ""w_Delta_u"": 0.01, ""w_u"": 1.0}","[1.0, 0.01, 10.0]"
point_159,159,0.2388062052064397,0.9964163046432749,complete,63,0.0037492237355513276,0.25379146631789234,complete,71,"[""1e+0"", ""1e-2"", ""1e+2""]","{""w_Delta2_u"": 100.0, ""w_Delta_u"": 0.01, ""w_u"": 1.0}","[1.0, 0.01, 100.0]"
point_160,160,0.2388396652801777,0.9979625550121158,complete,63,0.21969481430450047,0.9482378390125487,complete,71,"[""1e+0"", ""1e-2"", ""1e+3""]","{""w_Delta2_u"": 1000.0, ""w_Delta_u"": 0.01, ""w_u"": 1.0}","[1.0, 0.01, 1000.0]"
point_161,161,0.23880040976253625,0.9961605979997585,complete,63,0.00055305663109548,0.1430872439960607,complete,71,"[""1e+0"", ""1e-1"", ""1e-3""]","{""w_Delta2_u"": 0.001, ""w_Delta_u"": 0.1, ""w_u"": 1.0}","[1.0, 0.1, 0.001]"
point_162,162,0.23880025807348712,0.9961582743162662,complete,63,0.0005907266220476213,0.14127399829168716,complete,71,"[""1e+0"", ""1e-1"", ""1e-2""]","{""w_Delta2_u"": 0.01, ""w_Delta_u"": 0.1, ""w_u"": 1.0}","[1.0, 0.1, 0.01]"
point_163,163,0.23880162079186376,0.9961774589602469,complete,63,0.0006791810024946124,0.12744310814196838,complete,71,"[""1e+0"", ""1e-1"", ""1e-1""]","{""w_Delta2_u"": 0.1, ""w_Delta_u"": 0.1, ""w_u"": 1.0}","[1.0, 0.1, 0.1]"
point_164,164,0.2388020153382694,0.9961846127621268,complete,63,0.00035566855730619464,0.13990922642351705,complete,71,"[""1e+0"", ""1e-1"", ""1e+0""]","{""w_Delta2_u"": 1.0, ""w_Delta_u"": 0.1, ""w_u"": 1.0}","[1.0, 0.1, 1.0]"
point_165,165,0.2388018918182072,0.9961994737930132,complete,63,0.00031716673379460886,0.16950658406301913,complete,71,"[""1e+0"", ""1e-1"", ""1e+1""]","{""w_Delta2_u"": 10.0, ""w_Delta_u"": 0.1, ""w_u"": 1.0}","[1.0, 0.1, 10.0]"
point_166,166,0.2388075909580637,0.9964373518332436,complete,63,0.003770719630051671,0.25042138731640845,complete,71,"[""1e+0"", ""1e-1"", ""1e+2""]","{""w_Delta2_u"": 100.0, ""w_Delta_u"": 0.1, ""w_u"": 1.0}","[1.0, 0.1, 100.0]"
point_167,167,0.2388380702843768,0.9979651478593883,complete,64,0.21970475390985925,0.9482346937536658,complete,71,"[""1e+0"", ""1e-1"", ""1e+3""]","{""w_Delta2_u"": 1000.0, ""w_Delta_u"": 0.1, ""w_u"": 1.0}","[1.0, 0.1, 1000.0]"
point_168,168,0.23879866443166436,0.9961774649337423,complete,64,0.0004664298184700575,0.14017921999509358,complete,71,"[""1e+0"", ""1e+0"", ""1e-3""]","{""w_Delta2_u"": 0.001, ""w_Delta_u"": 1.0, ""w_u"": 1.0}","[1.0, 1.0, 0.001]"
point_169,169,0.23880305779230324,0.9962284234738178,complete,63,0.00047922755857837706,0.1411070798636851,complete,71,"[""1e+0"", ""1e+0"", ""1e-2""]","{""w_Delta2_u"": 0.01, ""w_Delta_u"": 1.0, ""w_u"": 1.0}","[1.0, 1.0, 0.01]"
point_170,170,0.23880261927379465,0.9962225987171075,complete,63,0.0005310693580909591,0.1436786414618647,complete,71,"[""1e+0"", ""1e+0"", ""1e-1""]","{""w_Delta2_u"": 0.1, ""w_Delta_u"": 1.0, ""w_u"": 1.0}","[1.0, 1.0, 0.1]"
point_171,171,0.23880254258612504,0.9962229931883197,complete,63,0.0004361425850063411,0.15983307045954034,complete,71,"[""1e+0"", ""1e+0"", ""1e+0""]","{""w_Delta2_u"": 1.0, ""w_Delta_u"": 1.0, ""w_u"": 1.0}","[1.0, 1.0, 1.0]"
point_172,172,0.2388033293134802,0.9962503211333467,complete,63,0.00046481772278040765,0.16993277829191292,complete,71,"[""1e+0"", ""1e+0"", ""1e+1""]","{""w_Delta2_u"": 10.0, ""w_Delta_u"": 1.0, ""w_u"": 1.0}","[1.0, 1.0, 10.0]"
point_173,173,0.2388048644606811,0.99644055709435,complete,64,0.00403539993298093,0.23167725359172153,complete,71,"[""1e+0"", ""1e+0"", ""1e+2""]","{""w_Delta2_u"": 100.0, ""w_Delta_u"": 1.0, ""w_u"": 1.0}","[1.0, 1.0, 100.0]"
point_174,174,0.23883825839588016,0.9979820001979186,complete,64,0.21978332718254998,0.9482981003998887,complete,71,"[""1e+0"", ""1e+0"", ""1e+3""]","{""w_Delta2_u"": 1000.0, ""w_Delta_u"": 1.0, ""w_u"": 1.0}","[1.0, 1.0, 1000.0]"
point_175,175,0.23880938942407068,0.9966056810957785,complete,63,0.0004926595586701842,0.14000177383559992,complete,71,"[""1e+0"", ""1e+1"", ""1e-3""]","{""w_Delta2_u"": 0.001, ""w_Delta_u"": 10.0, ""w_u"": 1.0}","[1.0, 10.0, 0.001]"
point_176,176,0.23880537207667132,0.9965661300322088,complete,64,0.0005020808172708081,0.1396401663543547,complete,71,"[""1e+0"", ""1e+1"", ""1e-2""]","{""w_Delta2_u"": 0.01, ""w_Delta_u"": 10.0, ""w_u"": 1.0}","[1.0, 10.0, 0.01]"
point_177,177,0.2388054894560993,0.9965676512643316,complete,64,0.000560421891046377,0.1368247008472985,complete,71,"[""1e+0"", ""1e+1"", ""1e-1""]","{""w_Delta2_u"": 0.1, ""w_Delta_u"": 10.0, ""w_u"": 1.0}","[1.0, 10.0, 0.1]"
point_178,178,0.23880522828211131,0.9965662652900726,complete,64,0.0005260491900741795,0.11962603894663777,complete,71,"[""1e+0"", ""1e+1"", ""1e+0""]","{""w_Delta2_u"": 1.0, ""w_Delta_u"": 10.0, ""w_u"": 1.0}","[1.0, 10.0, 1.0]"
point_179,179,0.2388059124988289,0.996589594413395,complete,64,0.0005576328671978965,0.11286052123059444,complete,71,"[""1e+0"", ""1e+1"", ""1e+1""]","{""w_Delta2_u"": 10.0, ""w_Delta_u"": 10.0, ""w_u"": 1.0}","[1.0, 10.0, 10.0]"
point_180,180,0.23881427683738998,0.9968252038333179,complete,63,0.005146815921805371,0.23470290259503515,complete,71,"[""1e+0"", ""1e+1"", ""1e+2""]","{""w_Delta2_u"": 100.0, ""w_Delta_u"": 10.0, ""w_u"": 1.0}","[1.0, 10.0, 100.0]"
point_181,181,0.23884072817564567,0.9981427830185675,complete,64,0.22045630742921016,0.9495008558033514,complete,71,"[""1e+0"", ""1e+1"", ""1e+3""]","{""w_Delta2_u"": 1000.0, ""w_Delta_u"": 10.0, ""w_u"": 1.0}","[1.0, 10.0, 1000.0]"
point_182,182,0.23883936134867784,0.998531146789523,complete,63,0.006062572400903735,0.1375012986310004,complete,71,"[""1e+0"", ""1e+2"", ""1e-3""]","{""w_Delta2_u"": 0.001, ""w_Delta_u"": 100.0, ""w_u"": 1.0}","[1.0, 100.0, 0.001]"
point_183,183,0.23883945377508373,0.9985309677558549,complete,63,0.006154973266098742,0.13767245522807464,complete,71,"[""1e+0"", ""1e+2"", ""1e-2""]","{""w_Delta2_u"": 0.01, ""w_Delta_u"": 100.0, ""w_u"": 1.0}","[1.0, 100.0, 0.01]"
point_184,184,0.23883962368948283,0.9985307959002361,complete,63,0.00684622760056847,0.13768901778168963,complete,71,"[""1e+0"", ""1e+2"", ""1e-1""]","{""w_Delta2_u"": 0.1, ""w_Delta_u"": 100.0, ""w_u"": 1.0}","[1.0, 100.0, 0.1]"
point_185,185,0.23883938251787004,0.9985316889483631,complete,63,0.010566075578540739,0.14284034565135498,complete,71,"[""1e+0"", ""1e+2"", ""1e+0""]","{""w_Delta2_u"": 1.0, ""w_Delta_u"": 100.0, ""w_u"": 1.0}","[1.0, 100.0, 1.0]"
point_186,186,0.23883955265250076,0.9985383235419394,complete,63,0.0113513822791096,0.17346876969658412,complete,71,"[""1e+0"", ""1e+2"", ""1e+1""]","{""w_Delta2_u"": 10.0, ""w_Delta_u"": 100.0, ""w_u"": 1.0}","[1.0, 100.0, 10.0]"
point_187,187,0.2388391980779973,0.9986100370052742,complete,64,0.07774006776167104,0.5529057658646681,complete,71,"[""1e+0"", ""1e+2"", ""1e+2""]","{""w_Delta2_u"": 100.0, ""w_Delta_u"": 100.0, ""w_u"": 1.0}","[1.0, 100.0, 100.0]"
point_188,188,0.23885418001941158,0.9991263748817862,complete,63,0.2238287129193135,0.9632313648429862,complete,71,"[""1e+0"", ""1e+2"", ""1e+3""]","{""w_Delta2_u"": 1000.0, ""w_Delta_u"": 100.0, ""w_u"": 1.0}","[1.0, 100.0, 1000.0]"
point_189,189,0.23887383022384773,1.0002170935731538,complete,64,0.22562466813360327,0.9717715426867408,complete,71,"[""1e+0"", ""1e+3"", ""1e-3""]","{""w_Delta2_u"": 0.001, ""w_Delta_u"": 1000.0, ""w_u"": 1.0}","[1.0, 1000.0, 0.001]"
point_190,190,0.23887383331564518,1.0002170058724196,complete,64,0.2256153659842553,0.9717464601411544,complete,71,"[""1e+0"", ""1e+3"", ""1e-2""]","{""w_Delta2_u"": 0.01, ""w_Delta_u"": 1000.0, ""w_u"": 1.0}","[1.0, 1000.0, 0.01]"
point_191,191,0.23887450415776612,1.0001921401081173,complete,63,0.22563074937193467,0.9717759786355079,complete,71,"[""1e+0"", ""1e+3"", ""1e-1""]","{""w_Delta2_u"": 0.1, ""w_Delta_u"": 1000.0, ""w_u"": 1.0}","[1.0, 1000.0, 0.1]"
point_192,192,0.23887384747818596,1.00021655348925,complete,64,0.22564579154653702,0.9717178669283614,complete,71,"[""1e+0"", ""1e+3"", ""1e+0""]","{""w_Delta2_u"": 1.0, ""w_Delta_u"": 1000.0, ""w_u"": 1.0}","[1.0, 1000.0, 1.0]"
point_193,193,0.23887382638123275,1.0002184328689325,complete,64,0.22599073206806894,0.9717233489710291,complete,71,"[""1e+0"", ""1e+3"", ""1e+1""]","{""w_Delta2_u"": 10.0, ""w_Delta_u"": 1000.0, ""w_u"": 1.0}","[1.0, 1000.0, 10.0]"
point_194,194,0.23887485184846813,1.0001941091926538,complete,63,0.22871503713160246,0.9748413748111405,complete,71,"[""1e+0"", ""1e+3"", ""1e+2""]","{""w_Delta2_u"": 100.0, ""w_Delta_u"": 1000.0, ""w_u"": 1.0}","[1.0, 1000.0, 100.0]"
point_195,195,0.23887615115169206,1.0002470216133403,complete,63,0.2331780843092234,0.9861447238577462,complete,71,"[""1e+0"", ""1e+3"", ""1e+3""]","{""w_Delta2_u"": 1000.0, ""w_Delta_u"": 1000.0, ""w_u"": 1.0}","[1.0, 1000.0, 1000.0]"
point_196,196,0.23892679480289855,0.9995423295695799,complete,63,0.0010226776094681398,0.18769928837703168,complete,71,"[""1e+1"", ""1e-3"", ""1e-3""]","{""w_Delta2_u"": 0.001, ""w_Delta_u"": 0.001, ""w_u"": 10.0}","[10.0, 0.001, 0.001]"
point_197,197,0.23892676411650443,0.9995427272435204,complete,63,0.0011261752807366645,0.18427167534160876,complete,71,"[""1e+1"", ""1e-3"", ""1e-2""]","{""w_Delta2_u"": 0.01, ""w_Delta_u"": 0.001, ""w_u"": 10.0}","[10.0, 0.001, 0.01]"
point_198,198,0.23892686653158907,0.9995418687810372,complete,63,0.0018070222797220972,0.1568852293392093,complete,71,"[""1e+1"", ""1e-3"", ""1e-1""]","{""w_Delta2_u"": 0.1, ""w_Delta_u"": 0.001, ""w_u"": 10.0}","[10.0, 0.001, 0.1]"
point_199,199,0.23892681035323388,0.9995421713931024,complete,63,0.0015469605294310053,0.070845137385647,complete,71,"[""1e+1"", ""1e-3"", ""1e+0""]","{""w_Delta2_u"": 1.0, ""w_Delta_u"": 0.001, ""w_u"": 10.0}","[10.0, 0.001, 1.0]"
point_200,200,0.23892672260508704,0.9995427253109231,complete,63,0.0010214551270677438,0.11161833158758692,complete,71,"[""1e+1"", ""1e-3"", ""1e+1""]","{""w_Delta2_u"": 10.0, ""w_Delta_u"": 0.001, ""w_u"": 10.0}","[10.0, 0.001, 10.0]"
point_201,201,0.23892671296244347,0.9995434092819988,complete,63,0.0026872045237266535,0.23908600101612532,complete,71,"[""1e+1"", ""1e-3"", ""1e+2""]","{""w_Delta2_u"": 100.0, ""w_Delta_u"": 0.001, ""w_u"": 10.0}","[10.0, 0.001, 100.0]"
point_202,202,0.23892674490096183,0.9995515904341179,complete,63,0.2214076094315296,0.9575143160167287,complete,71,"[""1e+1"", ""1e-3"", ""1e+3""]","{""w_Delta2_u"": 1000.0, ""w_Delta_u"": 0.001, ""w_u"": 10.0}","[10.0, 0.001, 1000.0]"
point_203,203,0.23892512327560256,0.9995407138179776,complete,64,0.001065301329469407,0.1861217623875573,complete,71,"[""1e+1"", ""1e-2"", ""1e-3""]","{""w_Delta2_u"": 0.001, ""w_Delta_u"": 0.01, ""w_u"": 10.0}","[10.0, 0.01, 0.001]"
point_204,204,0.23892508966557055,0.999540920029306,complete,64,0.0011652800887276364,0.18275597572937785,complete,71,"[""1e+1"", ""1e-2"", ""1e-2""]","{""w_Delta2_u"": 0.01, ""w_Delta_u"": 0.01, ""w_u"": 10.0}","[10.0, 0.01, 0.01]"
point_205,205,0.23892514689455946,0.9995401063501835,complete,64,0.0018350449701045797,0.15574623871462304,complete,71,"[""1e+1"", ""1e-2"", ""1e-1""]","{""w_Delta2_u"": 0.1, ""w_Delta_u"": 0.01, ""w_u"": 10.0}","[10.0, 0.01, 0.1]"
point_206,206,0.2389251115980855,0.9995404249771622,complete,64,0.0015549386019959486,0.07061847138891658,complete,71,"[""1e+1"", ""1e-2"", ""1e+0""]","{""w_Delta2_u"": 1.0, ""w_Delta_u"": 0.01, ""w_u"": 10.0}","[10.0, 0.01, 1.0]"
point_207,207,0.23892514463102713,0.9995401076518784,complete,64,0.0010293746620918067,0.11155977258775643,complete,71,"[""1e+1"", ""1e-2"", ""1e+1""]","{""w_Delta2_u"": 10.0, ""w_Delta_u"": 0.01, ""w_u"": 10.0}","[10.0, 0.01, 10.0]"
point_208,208,0.2389251516804331,0.999541488047505,complete,64,0.0026900939517491584,0.23885550958060298,complete,71,"[""1e+1"", ""1e-2"", ""1e+2""]","{""w_Delta2_u"": 100.0, ""w_Delta_u"": 0.01, ""w_u"": 10.0}","[10.0, 0.01, 100.0]"
point_209,209,0.23892524467783302,0.999549326292498,complete,64,0.2214055126483099,0.957508921499541,complete,71,"[""1e+1"", ""1e-2"", ""1e+3""]","{""w_Delta2_u"": 1000.0, ""w_Delta_u"": 0.01, ""w_u"": 10.0}","[10.0, 0.01, 1000.0]"
point_210,210,0.23892677254630068,0.9995426415167609,complete,63,0.001426835192845114,0.17159021901678267,complete,71,"[""1e+1"", ""1e-1"", ""1e-3""]","{""w_Delta2_u"": 0.001, ""w_Delta_u"": 0.1, ""w_u"": 10.0}","[10.0, 0.1, 0.001]"
point_211,211,0.23892688014011726,0.9995418361874528,complete,63,0.0015104793958163056,0.16890552657615923,complete,71,"[""1e+1"", ""1e-1"", ""1e-2""]","{""w_Delta2_u"": 0.01, ""w_Delta_u"": 0.1, ""w_u"": 10.0}","[10.0, 0.1, 0.01]"
point_212,212,0.23892513253671238,0.9995404053405187,complete,64,0.0020511274646939155,0.14449172898544288,complete,71,"[""1e+1"", ""1e-1"", ""1e-1""]","{""w_Delta2_u"": 0.1, ""w_Delta_u"": 0.1, ""w_u"": 10.0}","[10.0, 0.1, 0.1]"
point_213,213,0.23892691534451732,0.9995417972147012,complete,63,0.0016205770015676072,0.06834178686378511,complete,71,"[""1e+1"", ""1e-1"", ""1e+0""]","{""w_Delta2_u"": 1.0, ""w_Delta_u"": 0.1, ""w_u"": 10.0}","[10.0, 0.1, 1.0]"
point_214,214,0.23892516011676315,0.9995400214846513,complete,64,0.0011113389757458792,0.11131266268903553,complete,71,"[""1e+1"", ""1e-1"", ""1e+1""]","{""w_Delta2_u"": 10.0, ""w_Delta_u"": 0.1, ""w_u"": 10.0}","[10.0, 0.1, 10.0]"
point_215,215,0.23892514775865514,0.9995412265798964,complete,64,0.002834308726154265,0.23636261249431645,complete,71,"[""1e+1"", ""1e-1"", ""1e+2""]","{""w_Delta2_u"": 100.0, ""w_Delta_u"": 0.1, ""w_u"": 10.0}","[10.0, 0.1, 100.0]"
point_216,216,0.23892530908417745,0.999548479448277,complete,64,0.22141879520927396,0.9575382169139088,complete,71,"[""1e+1"", ""1e-1"", ""1e+3""]","{""w_Delta2_u"": 1000.0, ""w_Delta_u"": 0.1, ""w_u"": 10.0}","[10.0, 0.1, 1000.0]"
point_217,217,0.23892513856921926,0.999540516948874,complete,64,0.0024030971130720646,0.10292889302206598,complete,71,"[""1e+1"", ""1e+0"", ""1e-3""]","{""w_Delta2_u"": 0.001, ""w_Delta_u"": 1.0, ""w_u"": 10.0}","[10.0, 1.0, 0.001]"
point_218,218,0.23892694627457067,0.9995420879796623,complete,63,0.0024226805748152045,0.10196400125210697,complete,71,"[""1e+1"", ""1e+0"", ""1e-2""]","{""w_Delta2_u"": 0.01, ""w_Delta_u"": 1.0, ""w_u"": 10.0}","[10.0, 1.0, 0.01]"
point_219,219,0.23892664976810804,0.9995434472237708,complete,63,0.0025268099366637497,0.09191960425045827,complete,71,"[""1e+1"", ""1e+0"", ""1e-1""]","{""w_Delta2_u"": 0.1, ""w_Delta_u"": 1.0, ""w_u"": 10.0}","[10.0, 1.0, 0.1]"
point_220,220,0.23892735538431098,0.9995401934223066,complete,63,0.0018748405848760111,0.06203152776529537,complete,71,"[""1e+1"", ""1e+0"", ""1e+0""]","{""w_Delta2_u"": 1.0, ""w_Delta_u"": 1.0, ""w_u"": 10.0}","[10.0, 1.0, 1.0]"
point_221,221,0.23892738473290434,0.9995400018970974,complete,63,0.0016865399813190947,0.10667264835596399,complete,71,"[""1e+1"", ""1e+0"", ""1e+1""]","{""w_Delta2_u"": 10.0, ""w_Delta_u"": 1.0, ""w_u"": 10.0}","[10.0, 1.0, 10.0]"
point_222,222,0.23892739009955405,0.9995407184712264,complete,63,0.0038939423905908154,0.21707676502879633,complete,71,"[""1e+1"", ""1e+0"", ""1e+2""]","{""w_Delta2_u"": 100.0, ""w_Delta_u"": 1.0, ""w_u"": 10.0}","[10.0, 1.0, 100.0]"
point_223,223,0.23892674695092622,0.999551790770858,complete,63,0.2214018334184015,0.9574523712922751,complete,71,"[""1e+1"", ""1e+0"", ""1e+3""]","{""w_Delta2_u"": 1000.0, ""w_Delta_u"": 1.0, ""w_u"": 10.0}","[10.0, 1.0, 1000.0]"
point_224,224,0.23892533997753343,0.9995426064981269,complete,64,0.002007336908867797,0.07877839330235145,complete,71,"[""1e+1"", ""1e+1"", ""1e-3""]","{""w_Delta2_u"": 0.001, ""w_Delta_u"": 10.0, ""w_u"": 10.0}","[10.0, 10.0, 0.001]"
point_225,225,0.23892697815126926,0.9995450619965444,complete,63,0.0020176535780376016,0.07865710005653997,complete,71,"[""1e+1"", ""1e+1"", ""1e-2""]","{""w_Delta2_u"": 0.01, ""w_Delta_u"": 10.0, ""w_u"": 10.0}","[10.0, 10.0, 0.01]"
point_226,226,0.23892531415113888,0.9995431154626924,complete,64,0.0020950559829021253,0.07753012044246817,complete,71,"[""1e+1"", ""1e+1"", ""1e-1""]","{""w_Delta2_u"": 0.1, ""w_Delta_u"": 10.0, ""w_u"": 10.0}","[10.0, 10.0, 0.1]"
point_227,227,0.23892691544464653,0.9995452632712596,complete,63,0.002248114302087543,0.07693269877902581,complete,71,"[""1e+1"", ""1e+1"", ""1e+0""]","{""w_Delta2_u"": 1.0, ""w_Delta_u"": 10.0, ""w_u"": 10.0}","[10.0, 10.0, 1.0]"
point_228,228,0.2389252888501513,0.9995435051071442,complete,64,0.002429773820382903,0.1210993719453882,complete,71,"[""1e+1"", ""1e+1"", ""1e+1""]","{""w_Delta2_u"": 10.0, ""w_Delta_u"": 10.0, ""w_u"": 10.0}","[10.0, 10.0, 10.0]"
point_229,229,0.23892540447681707,0.9995431791889621,complete,64,0.006824251017163354,0.18849185959168133,complete,71,"[""1e+1"", ""1e+1"", ""1e+2""]","{""w_Delta2_u"": 100.0, ""w_Delta_u"": 10.0, ""w_u"": 10.0}","[10.0, 10.0, 100.0]"
point_230,230,0.23892766839987886,0.9995514139150629,complete,63,0.22187896506190977,0.9583246420908531,complete,71,"[""1e+1"", ""1e+1"", ""1e+3""]","{""w_Delta2_u"": 1000.0, ""w_Delta_u"": 10.0, ""w_u"": 10.0}","[10.0, 10.0, 1000.0]"
point_231,231,0.23892836032643902,0.9995685126517049,complete,63,0.030499939882301354,0.29938295374931034,complete,71,"[""1e+1"", ""1e+2"", ""1e-3""]","{""w_Delta2_u"": 0.001, ""w_Delta_u"": 100.0, ""w_u"": 10.0}","[10.0, 100.0, 0.001]"
point_232,232,0.2389285692119699,0.9995678669675012,complete,63,0.030601515075457962,0.2999454762645014,complete,71,"[""1e+1"", ""1e+2"", ""1e-2""]","{""w_Delta2_u"": 0.01, ""w_Delta_u"": 100.0, ""w_u"": 10.0}","[10.0, 100.0, 0.01]"
point_233,233,0.23892839058596582,0.9995687262880829,complete,63,0.030987357643366055,0.3007676884885335,complete,71,"[""1e+1"", ""1e+2"", ""1e-1""]","{""w_Delta2_u"": 0.1, ""w_Delta_u"": 100.0, ""w_u"": 10.0}","[10.0, 100.0, 0.1]"
point_234,234,0.23892823570696536,0.9995689801925748,complete,63,0.03622498795215571,0.32549570473806505,complete,71,"[""1e+1"", ""1e+2"", ""1e+0""]","{""w_Delta2_u"": 1.0, ""w_Delta_u"": 100.0, ""w_u"": 10.0}","[10.0, 100.0, 1.0]"
point_235,235,0.23892667206108095,0.9995677858000446,complete,64,0.056147840831447846,0.4388257033100134,complete,71,"[""1e+1"", ""1e+2"", ""1e+1""]","{""w_Delta2_u"": 10.0, ""w_Delta_u"": 100.0, ""w_u"": 10.0}","[10.0, 100.0, 10.0]"
point_236,236,0.23892667477531954,0.9995691557328653,complete,64,0.11937737602496754,0.6884904664923127,complete,71,"[""1e+1"", ""1e+2"", ""1e+2""]","{""w_Delta2_u"": 100.0, ""w_Delta_u"": 100.0, ""w_u"": 10.0}","[10.0, 100.0, 100.0]"
point_237,237,0.23892855187239007,0.9995768876760638,complete,63,0.2246038281331355,0.9645892629668577,complete,71,"[""1e+1"", ""1e+2"", ""1e+3""]","{""w_Delta2_u"": 1000.0, ""w_Delta_u"": 100.0, ""w_u"": 10.0}","[10.0, 100.0, 1000.0]"
point_238,238,0.2389259152519461,0.9997542792734095,complete,64,0.2266488912910715,0.9741148245766004,complete,71,"[""1e+1"", ""1e+3"", ""1e-3""]","{""w_Delta2_u"": 0.001, ""w_Delta_u"": 1000.0, ""w_u"": 10.0}","[10.0, 1000.0, 0.001]"
point_239,239,0.23892886388358694,0.9997445210905976,complete,63,0.22663793825108444,0.9740893565201555,complete,71,"[""1e+1"", ""1e+3"", ""1e-2""]","{""w_Delta2_u"": 0.01, ""w_Delta_u"": 1000.0, ""w_u"": 10.0}","[10.0, 1000.0, 0.01]"
point_240,240,0.23892588499894823,0.9997548946675726,complete,64,0.22664369202528864,0.974095766213598,complete,71,"[""1e+1"", ""1e+3"", ""1e-1""]","{""w_Delta2_u"": 0.1, ""w_Delta_u"": 1000.0, ""w_u"": 10.0}","[10.0, 1000.0, 0.1]"
point_241,241,0.23892898144436034,0.9997480431403984,complete,63,0.22669911590607808,0.9741608576734894,complete,71,"[""1e+1"", ""1e+3"", ""1e+0""]","{""w_Delta2_u"": 1.0, ""w_Delta_u"": 1000.0, ""w_u"": 10.0}","[10.0, 1000.0, 1.0]"
point_242,242,0.23892588120277358,0.99975511439194,complete,64,0.2270319553790439,0.9743721041634894,complete,71,"[""1e+1"", ""1e+3"", ""1e+1""]","{""w_Delta2_u"": 10.0, ""w_Delta_u"": 1000.0, ""w_u"": 10.0}","[10.0, 1000.0, 10.0]"
point_243,243,0.2389288393678112,0.9997442373254709,complete,63,0.22915579070307399,0.9770735009418391,complete,71,"[""1e+1"", ""1e+3"", ""1e+2""]","{""w_Delta2_u"": 100.0, ""w_Delta_u"": 1000.0, ""w_u"": 10.0}","[10.0, 1000.0, 100.0]"
point_244,244,0.23892602027201343,0.999761309537983,complete,64,0.23341171787591294,0.9860951559438657,complete,71,"[""1e+1"", ""1e+3"", ""1e+3""]","{""w_Delta2_u"": 1000.0, ""w_Delta_u"": 1000.0, ""w_u"": 10.0}","[10.0, 1000.0, 1000.0]"
point_245,245,0.23914837175963205,0.9998619984606144,complete,63,0.20786264163522145,0.934781958549426,complete,71,"[""1e+2"", ""1e-3"", ""1e-3""]","{""w_Delta2_u"": 0.001, ""w_Delta_u"": 0.001, ""w_u"": 100.0}","[100.0, 0.001, 0.001]"
point_246,246,0.2391323264809574,0.9998617282236312,complete,64,0.2078280566308916,0.9347127866977989,complete,71,"[""1e+2"", ""1e-3"", ""1e-2""]","{""w_Delta2_u"": 0.01, ""w_Delta_u"": 0.001, ""w_u"": 100.0}","[100.0, 0.001, 0.01]"
point_247,247,0.23913216299115408,0.9998618138734612,complete,64,0.20792345040761004,0.9348765519770686,complete,71,"[""1e+2"", ""1e-3"", ""1e-1""]","{""w_Delta2_u"": 0.1, ""w_Delta_u"": 0.001, ""w_u"": 100.0}","[100.0, 0.001, 0.1]"
point_248,248,0.2391430689946746,0.9998629363496541,complete,63,0.2083473073371301,0.9354970246761164,complete,71,"[""1e+2"", ""1e-3"", ""1e+0""]","{""w_Delta2_u"": 1.0, ""w_Delta_u"": 0.001, ""w_u"": 100.0}","[100.0, 0.001, 1.0]"
point_249,249,0.23914450638870247,0.9998626217970724,complete,63,0.2110608892716095,0.9396186532703865,complete,71,"[""1e+2"", ""1e-3"", ""1e+1""]","{""w_Delta2_u"": 10.0, ""w_Delta_u"": 0.001, ""w_u"": 100.0}","[100.0, 0.001, 10.0]"
point_250,250,0.23914064518733333,0.9998641062281418,complete,63,0.21713051379471923,0.9496980642632145,complete,71,"[""1e+2"", ""1e-3"", ""1e+2""]","{""w_Delta2_u"": 100.0, ""w_Delta_u"": 0.001, ""w_u"": 100.0}","[100.0, 0.001, 100.0]"
point_251,251,0.23915519118077466,0.9998586056359088,complete,63,0.22617712954694452,0.9701543036253875,complete,71,"[""1e+2"", ""1e-3"", ""1e+3""]","{""w_Delta2_u"": 1000.0, ""w_Delta_u"": 0.001, ""w_u"": 100.0}","[100.0, 0.001, 1000.0]"
point_252,252,0.23914736028081898,0.9998622570731196,complete,63,0.20786456185206587,0.9347853804189056,complete,71,"[""1e+2"", ""1e-2"", ""1e-3""]","{""w_Delta2_u"": 0.001, ""w_Delta_u"": 0.01, ""w_u"": 100.0}","[100.0, 0.01, 0.001]"
point_253,253,0.23915452951767696,0.9998595008403616,complete,63,0.20780578428897276,0.9346687770245786,complete,71,"[""1e+2"", ""1e-2"", ""1e-2""]","{""w_Delta2_u"": 0.01, ""w_Delta_u"": 0.01, ""w_u"": 100.0}","[100.0, 0.01, 0.01]"
point_254,254,0.23914962092205774,0.9998618607309355,complete,63,0.20789332700389848,0.9348169215518171,complete,71,"[""1e+2"", ""1e-2"", ""1e-1""]","{""w_Delta2_u"": 0.1, ""w_Delta_u"": 0.01, ""w_u"": 100.0}","[100.0, 0.01, 0.1]"
point_255,255,0.23914207441647545,0.9998633875669747,complete,63,0.20834671208285604,0.9354948238971393,complete,71,"[""1e+2"", ""1e-2"", ""1e+0""]","{""w_Delta2_u"": 1.0, ""w_Delta_u"": 0.01, ""w_u"": 100.0}","[100.0, 0.01, 1.0]"
point_256,256,0.2391408963263478,0.9998639239080833,complete,63,0.2110455214936603,0.939585783033688,complete,71,"[""1e+2"", ""1e-2"", ""1e+1""]","{""w_Delta2_u"": 10.0, ""w_Delta_u"": 0.01, ""w_u"": 100.0}","[100.0, 0.01, 10.0]"
point_257,257,0.23914590324860774,0.999861461109643,complete,63,0.217129617343928,0.9496957221040859,complete,71,"[""1e+2"", ""1e-2"", ""1e+2""]","{""w_Delta2_u"": 100.0, ""w_Delta_u"": 0.01, ""w_u"": 100.0}","[100.0, 0.01, 100.0]"
point_258,258,0.23914981670358745,0.9998599088293346,complete,63,0.2261794890869012,0.9701590482802995,complete,71,"[""1e+2"", ""1e-2"", ""1e+3""]","{""w_Delta2_u"": 1000.0, ""w_Delta_u"": 0.01, ""w_u"": 100.0}","[100.0, 0.01, 1000.0]"
point_259,259,0.23914687908422724,0.9998623222530688,complete,63,0.20787686947222409,0.9348041318216945,complete,71,"[""1e+2"", ""1e-1"", ""1e-3""]","{""w_Delta2_u"": 0.001, ""w_Delta_u"": 0.1, ""w_u"": 100.0}","[100.0, 0.1, 0.001]"
point_260,260,0.2391449362050055,0.999862369316064,complete,63,0.20783039549125126,0.9347099277407382,complete,71,"[""1e+2"", ""1e-1"", ""1e-2""]","{""w_Delta2_u"": 0.01, ""w_Delta_u"": 0.1, ""w_u"": 100.0}","[100.0, 0.1, 0.01]"
point_261,261,0.23913259634653972,0.9998618575537427,complete,64,0.20790560773684727,0.9348372833507332,complete,71,"[""1e+2"", ""1e-1"", ""1e-1""]","{""w_Delta2_u"": 0.1, ""w_Delta_u"": 0.1, ""w_u"": 100.0}","[100.0, 0.1, 0.1]"
point_262,262,0.23913273751940833,0.9998616880594771,complete,64,0.20838679051503012,0.9355713982831464,complete,71,"[""1e+2"", ""1e-1"", ""1e+0""]","{""w_Delta2_u"": 1.0, ""w_Delta_u"": 0.1, ""w_u"": 100.0}","[100.0, 0.1, 1.0]"
point_263,263,0.2391323229083367,0.9998619574649931,complete,64,0.2110895725997022,0.9396772774187683,complete,71,"[""1e+2"", ""1e-1"", ""1e+1""]","{""w_Delta2_u"": 10.0, ""w_Delta_u"": 0.1, ""w_u"": 100.0}","[100.0, 0.1, 10.0]"
point_264,264,0.23915345017161618,0.999859492199793,complete,63,0.21716473530443917,0.9497744742378856,complete,71,"[""1e+2"", ""1e-1"", ""1e+2""]","{""w_Delta2_u"": 100.0, ""w_Delta_u"": 0.1, ""w_u"": 100.0}","[100.0, 0.1, 100.0]"
point_265,265,0.239151256210217,0.9998594683161319,complete,63,0.2261782593464813,0.9701545265350306,complete,71,"[""1e+2"", ""1e-1"", ""1e+3""]","{""w_Delta2_u"": 1000.0, ""w_Delta_u"": 0.1, ""w_u"": 100.0}","[100.0, 0.1, 1000.0]"
point_266,266,0.23915456574283203,0.9998601736778073,complete,63,0.2080006462530014,0.9350174950263596,complete,71,"[""1e+2"", ""1e+0"", ""1e-3""]","{""w_Delta2_u"": 0.001, ""w_Delta_u"": 1.0, ""w_u"": 100.0}","[100.0, 1.0, 0.001]"
point_267,267,0.23914425226797448,0.9998622761839566,complete,63,0.20801688460230983,0.9350473840184056,complete,71,"[""1e+2"", ""1e+0"", ""1e-2""]","{""w_Delta2_u"": 0.01, ""w_Delta_u"": 1.0, ""w_u"": 100.0}","[100.0, 1.0, 0.01]"
point_268,268,0.23915237498826492,0.9998603657966934,complete,63,0.2080776575550103,0.9351444963268387,complete,71,"[""1e+2"", ""1e+0"", ""1e-1""]","{""w_Delta2_u"": 0.1, ""w_Delta_u"": 1.0, ""w_u"": 100.0}","[100.0, 1.0, 0.1]"
point_269,269,0.23915108661731066,0.9998610427165768,complete,63,0.20845039068599067,0.9356720492218964,complete,71,"[""1e+2"", ""1e+0"", ""1e+0""]","{""w_Delta2_u"": 1.0, ""w_Delta_u"": 1.0, ""w_u"": 100.0}","[100.0, 1.0, 1.0]"
point_270,270,0.23913256845714895,0.9998621576267985,complete,64,0.2111974359022342,0.9398898738680078,complete,71,"[""1e+2"", ""1e+0"", ""1e+1""]","{""w_Delta2_u"": 10.0, ""w_Delta_u"": 1.0, ""w_u"": 100.0}","[100.0, 1.0, 10.0]"
point_271,271,0.23915048707793954,0.9998611439921438,complete,63,0.2172115780799792,0.9498816712681181,complete,71,"[""1e+2"", ""1e+0"", ""1e+2""]","{""w_Delta2_u"": 100.0, ""w_Delta_u"": 1.0, ""w_u"": 100.0}","[100.0, 1.0, 100.0]"
point_272,272,0.23915449631736552,0.9998589766559155,complete,63,0.2261966174599264,0.9701723381214032,complete,71,"[""1e+2"", ""1e+0"", ""1e+3""]","{""w_Delta2_u"": 1000.0, ""w_Delta_u"": 1.0, ""w_u"": 100.0}","[100.0, 1.0, 1000.0]"
point_273,273,0.2391470037242168,0.9998620904298267,complete,63,0.2093881264968358,0.9376792848273906,complete,71,"[""1e+2"", ""1e+1"", ""1e-3""]","{""w_Delta2_u"": 0.001, ""w_Delta_u"": 10.0, ""w_u"": 100.0}","[100.0, 10.0, 0.001]"
point_274,274,0.23914810948640533,0.9998618655660529,complete,63,0.20937873848811034,0.9376591794213515,complete,71,"[""1e+2"", ""1e+1"", ""1e-2""]","{""w_Delta2_u"": 0.01, ""w_Delta_u"": 10.0, ""w_u"": 100.0}","[100.0, 10.0, 0.01]"
point_275,275,0.23915475842198308,0.999860110044939,complete,63,0.20939394132221836,0.9376679672745919,complete,71,"[""1e+2"", ""1e+1"", ""1e-1""]","{""w_Delta2_u"": 0.1, ""w_Delta_u"": 10.0, ""w_u"": 100.0}","[100.0, 10.0, 0.1]"
point_276,276,0.23913321697025075,0.9998615123513187,complete,64,0.2097293165752747,0.9381745246632317,complete,71,"[""1e+2"", ""1e+1"", ""1e+0""]","{""w_Delta2_u"": 1.0, ""w_Delta_u"": 10.0, ""w_u"": 100.0}","[100.0, 10.0, 1.0]"
point_277,277,0.23913283802960483,0.9998616381331958,complete,64,0.21241766677810917,0.9424393846424597,complete,71,"[""1e+2"", ""1e+1"", ""1e+1""]","{""w_Delta2_u"": 10.0, ""w_Delta_u"": 10.0, ""w_u"": 100.0}","[100.0, 10.0, 10.0]"
point_278,278,0.23913321723205422,0.9998608727642582,complete,64,0.21783833720439064,0.9513027643600631,complete,71,"[""1e+2"", ""1e+1"", ""1e+2""]","{""w_Delta2_u"": 100.0, ""w_Delta_u"": 10.0, ""w_u"": 100.0}","[100.0, 10.0, 100.0]"
point_279,279,0.2391485043548306,0.9998601850242979,complete,63,0.226404516634881,0.970494013749877,complete,71,"[""1e+2"", ""1e+1"", ""1e+3""]","{""w_Delta2_u"": 1000.0, ""w_Delta_u"": 10.0, ""w_u"": 100.0}","[100.0, 10.0, 1000.0]"
point_280,280,0.2391522176641711,0.9998599857367501,complete,63,0.21629966453421565,0.9518286678767915,complete,71,"[""1e+2"", ""1e+2"", ""1e-3""]","{""w_Delta2_u"": 0.001, ""w_Delta_u"": 100.0, ""w_u"": 100.0}","[100.0, 100.0, 0.001]"
point_281,281,0.23914785620764178,0.9998608578227685,complete,63,0.21630724839412,0.9518424779831219,complete,71,"[""1e+2"", ""1e+2"", ""1e-2""]","{""w_Delta2_u"": 0.01, ""w_Delta_u"": 100.0, ""w_u"": 100.0}","[100.0, 100.0, 0.01]"
point_282,282,0.23913462853935277,0.9998603048180882,complete,64,0.21632926252241977,0.951877166767847,complete,71,"[""1e+2"", ""1e+2"", ""1e-1""]","{""w_Delta2_u"": 0.1, ""w_Delta_u"": 100.0, ""w_u"": 100.0}","[100.0, 100.0, 0.1]"
point_283,283,0.239156306080468,0.9998590481350329,complete,63,0.21645780654451494,0.9520540571025826,complete,71,"[""1e+2"", ""1e+2"", ""1e+0""]","{""w_Delta2_u"": 1.0, ""w_Delta_u"": 100.0, ""w_u"": 100.0}","[100.0, 100.0, 1.0]"
point_284,284,0.23915158871140768,0.999860204510058,complete,63,0.21746834237467802,0.9534943969685407,complete,71,"[""1e+2"", ""1e+2"", ""1e+1""]","{""w_Delta2_u"": 10.0, ""w_Delta_u"": 100.0, ""w_u"": 100.0}","[100.0, 100.0, 10.0]"
point_285,285,0.2391490770533544,0.9998605508450733,complete,63,0.22131313545808542,0.9594686710337359,complete,71,"[""1e+2"", ""1e+2"", ""1e+2""]","{""w_Delta2_u"": 100.0, ""w_Delta_u"": 100.0, ""w_u"": 100.0}","[100.0, 100.0, 100.0]"
point_286,286,0.2391570336517659,0.9998569445835397,complete,63,0.22816630455374562,0.9738940004685271,complete,71,"[""1e+2"", ""1e+2"", ""1e+3""]","{""w_Delta2_u"": 1000.0, ""w_Delta_u"": 100.0, ""w_u"": 100.0}","[100.0, 100.0, 1000.0]"
point_287,287,0.2391467072043688,0.9998507337496537,complete,64,0.23052958158708695,0.9821503975632494,complete,71,"[""1e+2"", ""1e+3"", ""1e-3""]","{""w_Delta2_u"": 0.001, ""w_Delta_u"": 1000.0, ""w_u"": 100.0}","[100.0, 1000.0, 0.001]"
point_288,288,0.23914689623518984,0.9998506830172139,complete,64,0.23053823912925103,0.9821658900966587,complete,71,"[""1e+2"", ""1e+3"", ""1e-2""]","{""w_Delta2_u"": 0.01, ""w_Delta_u"": 1000.0, ""w_u"": 100.0}","[100.0, 1000.0, 0.01]"
point_289,289,0.23916283257785334,0.9998500672380651,complete,63,0.2305360812130078,0.9821605083767202,complete,71,"[""1e+2"", ""1e+3"", ""1e-1""]","{""w_Delta2_u"": 0.1, ""w_Delta_u"": 1000.0, ""w_u"": 100.0}","[100.0, 1000.0, 0.1]"
point_290,290,0.23916334792468968,0.9998504685023714,complete,63,0.2305734520720454,0.9822095367904448,complete,71,"[""1e+2"", ""1e+3"", ""1e+0""]","{""w_Delta2_u"": 1.0, ""w_Delta_u"": 1000.0, ""w_u"": 100.0}","[100.0, 1000.0, 1.0]"
point_291,291,0.23916469041884125,0.9998496127820589,complete,63,0.23074408755703077,0.9823616127375994,complete,71,"[""1e+2"", ""1e+3"", ""1e+1""]","{""w_Delta2_u"": 10.0, ""w_Delta_u"": 1000.0, ""w_u"": 100.0}","[100.0, 1000.0, 10.0]"
point_292,292,0.23914661393451225,0.9998504794602647,complete,64,0.2317284772372043,0.9835407974408055,complete,71,"[""1e+2"", ""1e+3"", ""1e+2""]","{""w_Delta2_u"": 100.0, ""w_Delta_u"": 1000.0, ""w_u"": 100.0}","[100.0, 1000.0, 100.0]"
point_293,293,0.23914670017545628,0.999848931007255,complete,64,0.2343398078728,0.9877196667365226,complete,71,"[""1e+2"", ""1e+3"", ""1e+3""]","{""w_Delta2_u"": 1000.0, ""w_Delta_u"": 1000.0, ""w_u"": 100.0}","[100.0, 1000.0, 1000.0]"
point_294,294,0.2412826398368467,0.9998943824720953,complete,63,0.23642931036849413,0.9925149373086505,complete,71,"[""1e+3"", ""1e-3"", ""1e-3""]","{""w_Delta2_u"": 0.001, ""w_Delta_u"": 0.001, ""w_u"": 1000.0}","[1000.0, 0.001, 0.001]"
point_295,295,0.24129109406368993,0.9998939744658407,complete,63,0.23643211375610845,0.9925184929795487,complete,71,"[""1e+3"", ""1e-3"", ""1e-2""]","{""w_Delta2_u"": 0.01, ""w_Delta_u"": 0.001, ""w_u"": 1000.0}","[1000.0, 0.001, 0.01]"
point_296,296,0.24112891330879999,0.9998940856993638,complete,64,0.23643300298240916,0.9925182881790019,complete,71,"[""1e+3"", ""1e-3"", ""1e-1""]","{""w_Delta2_u"": 0.1, ""w_Delta_u"": 0.001, ""w_u"": 1000.0}","[1000.0, 0.001, 0.1]"
point_297,297,0.241293679901535,0.9998939061592294,complete,63,0.23645389702991315,0.9925333957054105,complete,71,"[""1e+3"", ""1e-3"", ""1e+0""]","{""w_Delta2_u"": 1.0, ""w_Delta_u"": 0.001, ""w_u"": 1000.0}","[1000.0, 0.001, 1.0]"
point_298,298,0.24112787670143424,0.9998941956373968,complete,64,0.23663409456695647,0.9926501088021659,complete,71,"[""1e+3"", ""1e-3"", ""1e+1""]","{""w_Delta2_u"": 10.0, ""w_Delta_u"": 0.001, ""w_u"": 1000.0}","[1000.0, 0.001, 10.0]"
point_299,299,0.24112870510503595,0.9998937977495164,complete,64,0.23713038274638512,0.9937242113155296,complete,71,"[""1e+3"", ""1e-3"", ""1e+2""]","{""w_Delta2_u"": 100.0, ""w_Delta_u"": 0.001, ""w_u"": 1000.0}","[1000.0, 0.001, 100.0]"
point_300,300,0.24128677763044953,0.9998939430751244,complete,63,0.23839202445218224,0.995411103820803,complete,71,"[""1e+3"", ""1e-3"", ""1e+3""]","{""w_Delta2_u"": 1000.0, ""w_Delta_u"": 0.001, ""w_u"": 1000.0}","[1000.0, 0.001, 1000.0]"
point_301,301,0.24127327934455486,0.9998943160953482,complete,63,0.2364321806033751,0.9925187618111967,complete,71,"[""1e+3"", ""1e-2"", ""1e-3""]","{""w_Delta2_u"": 0.001, ""w_Delta_u"": 0.01, ""w_u"": 1000.0}","[1000.0, 0.01, 0.001]"
point_302,302,0.2412926600102738,0.9998940370847775,complete,63,0.23642799857045282,0.9925130946192067,complete,71,"[""1e+3"", ""1e-2"", ""1e-2""]","{""w_Delta2_u"": 0.01, ""w_Delta_u"": 0.01, ""w_u"": 1000.0}","[1000.0, 0.01, 0.01]"
point_303,303,0.2412981353460651,0.9998940056561775,complete,63,0.23643619787916131,0.9925223068975397,complete,71,"[""1e+3"", ""1e-2"", ""1e-1""]","{""w_Delta2_u"": 0.1, ""w_Delta_u"": 0.01, ""w_u"": 1000.0}","[1000.0, 0.01, 0.1]"
point_304,304,0.24112711300460318,0.9998943608079658,complete,64,0.2364508489440407,0.9925292236573976,complete,71,"[""1e+3"", ""1e-2"", ""1e+0""]","{""w_Delta2_u"": 1.0, ""w_Delta_u"": 0.01, ""w_u"": 1000.0}","[1000.0, 0.01, 1.0]"
point_305,305,0.24129259200945227,0.9998940074309366,complete,63,0.23663095097387887,0.992646401221253,complete,71,"[""1e+3"", ""1e-2"", ""1e+1""]","{""w_Delta2_u"": 10.0, ""w_Delta_u"": 0.01, ""w_u"": 1000.0}","[1000.0, 0.01, 10.0]"
point_306,306,0.24129363132407497,0.9998939993995473,complete,63,0.23712783526995784,0.9937223571035858,complete,71,"[""1e+3"", ""1e-2"", ""1e+2""]","{""w_Delta2_u"": 100.0, ""w_Delta_u"": 0.01, ""w_u"": 1000.0}","[1000.0, 0.01, 100.0]"
point_307,307,0.24113033167751205,0.999893919402,complete,64,0.23839744773036092,0.9954058137352315,complete,71,"[""1e+3"", ""1e-2"", ""1e+3""]","{""w_Delta2_u"": 1000.0, ""w_Delta_u"": 0.01, ""w_u"": 1000.0}","[1000.0, 0.01, 1000.0]"
point_308,308,0.24129046402275886,0.9998941719568274,complete,63,0.2364303328133047,0.9925157772459462,complete,71,"[""1e+3"", ""1e-1"", ""1e-3""]","{""w_Delta2_u"": 0.001, ""w_Delta_u"": 0.1, ""w_u"": 1000.0}","[1000.0, 0.1, 0.001]"
point_309,309,0.24112296049498882,0.9998942180161832,complete,64,0.23643112856831114,0.9925166547080032,complete,71,"[""1e+3"", ""1e-1"", ""1e-2""]","{""w_Delta2_u"": 0.01, ""w_Delta_u"": 0.1, ""w_u"": 1000.0}","[1000.0, 0.1, 0.01]"
point_310,310,0.24127427155525583,0.9998946738053545,complete,63,0.23643621006534082,0.9925217139700133,complete,71,"[""1e+3"", ""1e-1"", ""1e-1""]","{""w_Delta2_u"": 0.1, ""w_Delta_u"": 0.1, ""w_u"": 1000.0}","[1000.0, 0.1, 0.1]"
point_311,311,0.24112537335644957,0.9998941201841887,complete,64,0.2364537499656391,0.9925323662499302,complete,71,"[""1e+3"", ""1e-1"", ""1e+0""]","{""w_Delta2_u"": 1.0, ""w_Delta_u"": 0.1, ""w_u"": 1000.0}","[1000.0, 0.1, 1.0]"
point_312,312,0.241307405287316,0.9998935230178027,complete,63,0.23662935714058086,0.9926436570562854,complete,71,"[""1e+3"", ""1e-1"", ""1e+1""]","{""w_Delta2_u"": 10.0, ""w_Delta_u"": 0.1, ""w_u"": 1000.0}","[1000.0, 0.1, 10.0]"
point_313,313,0.24112296968856026,0.9998943038513641,complete,64,0.23712899532751858,0.993723454655044,complete,71,"[""1e+3"", ""1e-1"", ""1e+2""]","{""w_Delta2_u"": 100.0, ""w_Delta_u"": 0.1, ""w_u"": 1000.0}","[1000.0, 0.1, 100.0]"
point_314,314,0.24134647288436437,0.9998929170913918,complete,63,0.23839633620392495,0.9954035726077501,complete,71,"[""1e+3"", ""1e-1"", ""1e+3""]","{""w_Delta2_u"": 1000.0, ""w_Delta_u"": 0.1, ""w_u"": 1000.0}","[1000.0, 0.1, 1000.0]"
point_315,315,0.2412688150156755,0.9998944426655091,complete,63,0.23643835094224017,0.9925234151237917,complete,71,"[""1e+3"", ""1e+0"", ""1e-3""]","{""w_Delta2_u"": 0.001, ""w_Delta_u"": 1.0, ""w_u"": 1000.0}","[1000.0, 1.0, 0.001]"
point_316,316,0.24112504103670387,0.9998943579455578,complete,64,0.23643909663812163,0.9925241739102524,complete,71,"[""1e+3"", ""1e+0"", ""1e-2""]","{""w_Delta2_u"": 0.01, ""w_Delta_u"": 1.0, ""w_u"": 1000.0}","[1000.0, 1.0, 0.01]"
point_317,317,0.2412990273566428,0.9998940048773679,complete,63,0.23643898053667672,0.992522709478138,complete,71,"[""1e+3"", ""1e+0"", ""1e-1""]","{""w_Delta2_u"": 0.1, ""w_Delta_u"": 1.0, ""w_u"": 1000.0}","[1000.0, 1.0, 0.1]"
point_318,318,0.24127442150399772,0.9998943710975454,complete,63,0.23646159384611873,0.9925377809378843,complete,71,"[""1e+3"", ""1e+0"", ""1e+0""]","{""w_Delta2_u"": 1.0, ""w_Delta_u"": 1.0, ""w_u"": 1000.0}","[1000.0, 1.0, 1.0]"
point_319,319,0.24112744840350603,0.9998939460625617,complete,64,0.23663683148686454,0.9926430970863372,complete,71,"[""1e+3"", ""1e+0"", ""1e+1""]","{""w_Delta2_u"": 10.0, ""w_Delta_u"": 1.0, ""w_u"": 1000.0}","[1000.0, 1.0, 10.0]"
point_320,320,0.24112427094492397,0.9998944395179925,complete,64,0.2372064923138692,0.9938229307491782,complete,71,"[""1e+3"", ""1e+0"", ""1e+2""]","{""w_Delta2_u"": 100.0, ""w_Delta_u"": 1.0, ""w_u"": 1000.0}","[1000.0, 1.0, 100.0]"
point_321,321,0.2412951373622528,0.9998936927574642,complete,63,0.23839572548287513,0.995408514050536,complete,71,"[""1e+3"", ""1e+0"", ""1e+3""]","{""w_Delta2_u"": 1000.0, ""w_Delta_u"": 1.0, ""w_u"": 1000.0}","[1000.0, 1.0, 1000.0]"
point_322,322,0.24129075461918875,0.9998939471553493,complete,63,0.23650400811763567,0.992543446124101,complete,71,"[""1e+3"", ""1e+1"", ""1e-3""]","{""w_Delta2_u"": 0.001, ""w_Delta_u"": 10.0, ""w_u"": 1000.0}","[1000.0, 10.0, 0.001]"
point_323,323,0.24130145472074668,0.9998939831409024,complete,63,0.2365056708836447,0.9925462179012999,complete,71,"[""1e+3"", ""1e+1"", ""1e-2""]","{""w_Delta2_u"": 0.01, ""w_Delta_u"": 10.0, ""w_u"": 1000.0}","[1000.0, 10.0, 0.01]"
point_324,324,0.24112594512320384,0.9998941510076165,complete,64,0.23650637263268584,0.9925452256007665,complete,71,"[""1e+3"", ""1e+1"", ""1e-1""]","{""w_Delta2_u"": 0.1, ""w_Delta_u"": 10.0, ""w_u"": 1000.0}","[1000.0, 10.0, 0.1]"
point_325,325,0.241289919247882,0.9998941038729892,complete,63,0.2365272755326398,0.992558372166217,complete,71,"[""1e+3"", ""1e+1"", ""1e+0""]","{""w_Delta2_u"": 1.0, ""w_Delta_u"": 10.0, ""w_u"": 1000.0}","[1000.0, 10.0, 1.0]"
point_326,326,0.24112658254968541,0.9998942696154954,complete,64,0.2366948235679407,0.9926716190541859,complete,71,"[""1e+3"", ""1e+1"", ""1e+1""]","{""w_Delta2_u"": 10.0, ""w_Delta_u"": 10.0, ""w_u"": 1000.0}","[1000.0, 10.0, 10.0]"
point_327,327,0.2411262499360617,0.9998940212311213,complete,64,0.237256415752154,0.99386095730084,complete,71,"[""1e+3"", ""1e+1"", ""1e+2""]","{""w_Delta2_u"": 100.0, ""w_Delta_u"": 10.0, ""w_u"": 1000.0}","[1000.0, 10.0, 100.0]"
point_328,328,0.24112357270149745,0.9998940245588191,complete,64,0.23843108452351225,0.9953927857031583,complete,71,"[""1e+3"", ""1e+1"", ""1e+3""]","{""w_Delta2_u"": 1000.0, ""w_Delta_u"": 10.0, ""w_u"": 1000.0}","[1000.0, 10.0, 1000.0]"
point_329,329,0.24112811893538735,0.9998939851944755,complete,64,0.23700394517503093,0.992758595111482,complete,71,"[""1e+3"", ""1e+2"", ""1e-3""]","{""w_Delta2_u"": 0.001, ""w_Delta_u"": 100.0, ""w_u"": 1000.0}","[1000.0, 100.0, 0.001]"
point_330,330,0.24113249676634996,0.9998935487742271,complete,64,0.2370076692191235,0.9927626276281502,complete,71,"[""1e+3"", ""1e+2"", ""1e-2""]","{""w_Delta2_u"": 0.01, ""w_Delta_u"": 100.0, ""w_u"": 1000.0}","[1000.0, 100.0, 0.01]"
point_331,331,0.2411301232843223,0.9998939464036546,complete,64,0.23700643598112575,0.9927606263574617,complete,71,"[""1e+3"", ""1e+2"", ""1e-1""]","{""w_Delta2_u"": 0.1, ""w_Delta_u"": 100.0, ""w_u"": 1000.0}","[1000.0, 100.0, 0.1]"
point_332,332,0.2412952314426257,0.9998938523759817,complete,63,0.2370162781368776,0.9927643182951038,complete,71,"[""1e+3"", ""1e+2"", ""1e+0""]","{""w_Delta2_u"": 1.0, ""w_Delta_u"": 100.0, ""w_u"": 1000.0}","[1000.0, 100.0, 1.0]"
point_333,333,0.2412850178431814,0.9998939329211605,complete,63,0.23713720722543524,0.9928818208954536,complete,71,"[""1e+3"", ""1e+2"", ""1e+1""]","{""w_Delta2_u"": 10.0, ""w_Delta_u"": 100.0, ""w_u"": 1000.0}","[1000.0, 100.0, 10.0]"
point_334,334,0.24128631694832536,0.9998941769678751,complete,63,0.23746442526285966,0.9938137293189987,complete,71,"[""1e+3"", ""1e+2"", ""1e+2""]","{""w_Delta2_u"": 100.0, ""w_Delta_u"": 100.0, ""w_u"": 1000.0}","[1000.0, 100.0, 100.0]"
point_335,335,0.24130398589515895,0.9998931212117221,complete,63,0.23874406462811168,0.9953653919656665,complete,71,"[""1e+3"", ""1e+2"", ""1e+3""]","{""w_Delta2_u"": 1000.0, ""w_Delta_u"": 100.0, ""w_u"": 1000.0}","[1000.0, 100.0, 1000.0]"
point_336,336,0.24130436218811388,0.9998921975478141,complete,63,0.2379919072725125,0.9943694164691909,complete,71,"[""1e+3"", ""1e+3"", ""1e-3""]","{""w_Delta2_u"": 0.001, ""w_Delta_u"": 1000.0, ""w_u"": 1000.0}","[1000.0, 1000.0, 0.001]"
point_337,337,0.24131288443011836,0.9998921200466583,complete,63,0.23799228877176482,0.9943701967480026,complete,71,"[""1e+3"", ""1e+3"", ""1e-2""]","{""w_Delta2_u"": 0.01, ""w_Delta_u"": 1000.0, ""w_u"": 1000.0}","[1000.0, 1000.0, 0.01]"
point_338,338,0.24114877810850288,0.9998921190206134,complete,64,0.23799352242944774,0.9943698274635636,complete,71,"[""1e+3"", ""1e+3"", ""1e-1""]","{""w_Delta2_u"": 0.1, ""w_Delta_u"": 1000.0, ""w_u"": 1000.0}","[1000.0, 1000.0, 0.1]"
point_339,339,0.24114398018855956,0.9998922756273856,complete,64,0.23800290480593603,0.9943795865060441,complete,71,"[""1e+3"", ""1e+3"", ""1e+0""]","{""w_Delta2_u"": 1.0, ""w_Delta_u"": 1000.0, ""w_u"": 1000.0}","[1000.0, 1000.0, 1.0]"
point_340,340,0.24132192776894715,0.9998916451207697,complete,63,0.23806725112664434,0.9943982042021472,complete,71,"[""1e+3"", ""1e+3"", ""1e+1""]","{""w_Delta2_u"": 10.0, ""w_Delta_u"": 1000.0, ""w_u"": 1000.0}","[1000.0, 1000.0, 10.0]"
point_341,341,0.2411434299729108,0.9998921457454197,complete,64,0.23844432909317015,0.9945856795786265,complete,71,"[""1e+3"", ""1e+3"", ""1e+2""]","{""w_Delta2_u"": 100.0, ""w_Delta_u"": 1000.0, ""w_u"": 1000.0}","[1000.0, 1000.0, 100.0]"
point_342,342,0.241144282794604,0.9998916632353371,complete,64,0.23951545083136658,0.9957589388565465,complete,71,"[""1e+3"", ""1e+3"", ""1e+3""]","{""w_Delta2_u"": 1000.0, ""w_Delta_u"": 1000.0, ""w_u"": 1000.0}","[1000.0, 1000.0, 1000.0]"
