candidate_id,candidate_index,geometric_mean,max_error,mean_error,real_sinh_autodiff_rel_error,war_rel_error,weight_labels,weight_map,weight_sum,weights
point_046,46,0.6019045383978897,0.8689540028572083,0.6429397463798523,0.8689540028572083,0.41692548990249634,"['1e+3', '1e+1']","{'lambda_ic': 1000.0, 'lambda_bc': 10.0}",1010.0,"[1000.0, 10.0]"
point_045,45,0.5983543078882694,0.873619556427002,0.6417204141616821,0.873619556427002,0.4098212718963623,"['1e+3', '1e+0']","{'lambda_ic': 1000.0, 'lambda_bc': 1.0}",1001.0,"[1000.0, 1.0]"
point_043,43,0.6089398087581035,0.8753871917724609,0.6494899839162827,0.8753871917724609,0.42359277606010437,"['1e+3', '1e-2']","{'lambda_ic': 1000.0, 'lambda_bc': 0.01}",1000.01,"[1000.0, 0.01]"
point_042,42,0.6335639964807545,0.8766289949417114,0.6672616004943848,0.8766289949417114,0.4578942060470581,"['1e+3', '1e-3']","{'lambda_ic': 1000.0, 'lambda_bc': 0.001}",1000.001,"[1000.0, 0.001]"
point_047,47,0.4793978626457847,0.903601348400116,0.5789708644151688,0.903601348400116,0.25434038043022156,"['1e+3', '1e+2']","{'lambda_ic': 1000.0, 'lambda_bc': 100.0}",1100.0,"[1000.0, 100.0]"
point_033,33,0.32185009383027774,0.9171401262283325,0.5150431580841541,0.9171401262283325,0.11294618993997574,"['1e+1', '1e+2']","{'lambda_ic': 10.0, 'lambda_bc': 100.0}",110.0,"[10.0, 100.0]"
point_041,41,0.41427215105886245,0.9280083179473877,0.5564717650413513,0.9280083179473877,0.18493521213531494,"['1e+2', '1e+3']","{'lambda_ic': 100.0, 'lambda_bc': 1000.0}",1100.0,"[100.0, 1000.0]"
point_034,34,0.3872736911263884,0.9336588382720947,0.5471483245491982,0.9336588382720947,0.16063781082630157,"['1e+1', '1e+3']","{'lambda_ic': 10.0, 'lambda_bc': 1000.0}",1010.0,"[10.0, 1000.0]"
point_032,32,0.356925593689449,0.9373051524162292,0.5366111695766449,0.9373051524162292,0.13591718673706055,"['1e+1', '1e+1']","{'lambda_ic': 10.0, 'lambda_bc': 10.0}",20.0,"[10.0, 10.0]"
point_030,30,0.36180595293832124,0.9464845061302185,0.542394757270813,0.9464845061302185,0.13830500841140747,"['1e+1', '1e-1']","{'lambda_ic': 10.0, 'lambda_bc': 0.1}",10.1,"[10.0, 0.1]"
point_029,29,0.36519444984419913,0.9536497592926025,0.5467493906617165,0.9536497592926025,0.13984902203083038,"['1e+1', '1e-2']","{'lambda_ic': 10.0, 'lambda_bc': 0.01}",10.01,"[10.0, 0.01]"
point_028,28,0.36706090429303634,0.9585059285163879,0.5495361536741257,0.9585059285163879,0.1405663788318634,"['1e+1', '1e-3']","{'lambda_ic': 10.0, 'lambda_bc': 0.001}",10.001,"[10.0, 0.001]"
point_031,31,0.3361536521790808,0.96034175157547,0.5390037223696709,0.96034175157547,0.11766569316387177,"['1e+1', '1e+0']","{'lambda_ic': 10.0, 'lambda_bc': 1.0}",11.0,"[10.0, 1.0]"
point_044,44,0.6585133834141054,0.9656255841255188,0.7073511034250259,0.9656255841255188,0.4490766227245331,"['1e+3', '1e-1']","{'lambda_ic': 1000.0, 'lambda_bc': 0.1}",1000.1,"[1000.0, 0.1]"
point_026,26,0.3430026651910935,0.966696560382843,0.544200275093317,0.966696560382843,0.12170398980379105,"['1e+0', '1e+2']","{'lambda_ic': 1.0, 'lambda_bc': 100.0}",101.0,"[1.0, 100.0]"
point_040,40,0.3233874750230618,0.9671112298965454,0.5376235730946064,0.9671112298965454,0.10813591629266739,"['1e+2', '1e+2']","{'lambda_ic': 100.0, 'lambda_bc': 100.0}",200.0,"[100.0, 100.0]"
point_039,39,0.45146017423398166,0.9724078178405762,0.5910037085413933,0.9724078178405762,0.2095995992422104,"['1e+2', '1e+1']","{'lambda_ic': 100.0, 'lambda_bc': 10.0}",110.0,"[100.0, 10.0]"
point_037,37,0.4668367826412367,0.9816663861274719,0.6018365770578384,0.9816663861274719,0.22200676798820496,"['1e+2', '1e-1']","{'lambda_ic': 100.0, 'lambda_bc': 0.1}",100.1,"[100.0, 0.1]"
point_027,27,0.36259259131871646,0.9926638603210449,0.5625544413924217,0.9926638603210449,0.13244502246379852,"['1e+0', '1e+3']","{'lambda_ic': 1.0, 'lambda_bc': 1000.0}",1001.0,"[1.0, 1000.0]"
point_048,48,0.6906887908677138,0.9964814782142639,0.7376084625720978,0.9964814782142639,0.47873544692993164,"['1e+3', '1e+3']","{'lambda_ic': 1000.0, 'lambda_bc': 1000.0}",2000.0,"[1000.0, 1000.0]"
point_020,20,1.05412035670268,1.114349603652954,1.0557480156421661,0.9971464276313782,1.114349603652954,"['1e-1', '1e+3']","{'lambda_ic': 0.1, 'lambda_bc': 1000.0}",1000.1,"[0.1, 1000.0]"
point_013,13,1.079304783045581,1.1670891046524048,1.0826061964035034,0.998123288154602,1.1670891046524048,"['1e-2', '1e+3']","{'lambda_ic': 0.01, 'lambda_bc': 1000.0}",1000.01,"[0.01, 1000.0]"
point_035,35,0.4849308353333855,1.0012043714523315,0.6180397048592567,1.0012043714523315,0.23487503826618195,"['1e+2', '1e-3']","{'lambda_ic': 100.0, 'lambda_bc': 0.001}",100.001,"[100.0, 0.001]"
point_006,6,1.0835234057664611,1.171817660331726,1.0868498086929321,1.0018819570541382,1.171817660331726,"['1e-3', '1e+3']","{'lambda_ic': 0.001, 'lambda_bc': 1000.0}",1000.001,"[0.001, 1000.0]"
point_019,19,0.3449477615761608,1.0066211223602295,0.5624137111008167,1.0066211223602295,0.11820629984140396,"['1e-1', '1e+2']","{'lambda_ic': 0.1, 'lambda_bc': 100.0}",100.1,"[0.1, 100.0]"
point_038,38,0.48341584253295555,1.0082629919052124,0.6200193539261818,1.0082629919052124,0.23177571594715118,"['1e+2', '1e+0']","{'lambda_ic': 100.0, 'lambda_bc': 1.0}",101.0,"[100.0, 1.0]"
point_025,25,0.3254903528726294,1.0109350681304932,0.557866532355547,1.0109350681304932,0.10479799658060074,"['1e+0', '1e+1']","{'lambda_ic': 1.0, 'lambda_bc': 10.0}",11.0,"[1.0, 10.0]"
point_036,36,0.47167837371472743,1.0173016786575317,0.6179991737008095,1.0173016786575317,0.21869666874408722,"['1e+2', '1e-2']","{'lambda_ic': 100.0, 'lambda_bc': 0.01}",100.01,"[100.0, 0.01]"
point_021,21,0.34317926310812663,1.0183587074279785,0.5670037753880024,1.0183587074279785,0.11564884334802628,"['1e+0', '1e-3']","{'lambda_ic': 1.0, 'lambda_bc': 0.001}",1.001,"[1.0, 0.001]"
point_022,22,0.3514677055009072,1.0185341835021973,0.5699079371988773,1.0185341835021973,0.1212816908955574,"['1e+0', '1e-2']","{'lambda_ic': 1.0, 'lambda_bc': 0.01}",1.01,"[1.0, 0.01]"
point_012,12,0.3504280374972024,1.0330616235733032,0.5759657025337219,1.0330616235733032,0.11886978149414062,"['1e-2', '1e+2']","{'lambda_ic': 0.01, 'lambda_bc': 100.0}",100.01,"[0.01, 100.0]"
point_024,24,0.338600231655607,1.0373284816741943,0.5739264450967312,1.0373284816741943,0.11052440851926804,"['1e+0', '1e+0']","{'lambda_ic': 1.0, 'lambda_bc': 1.0}",2.0,"[1.0, 1.0]"
point_023,23,0.35209799912546336,1.0385735034942627,0.5789710208773613,1.0385735034942627,0.1193685382604599,"['1e+0', '1e-1']","{'lambda_ic': 1.0, 'lambda_bc': 0.1}",1.1,"[1.0, 0.1]"
point_005,5,1.807147228188451,3.0466201305389404,2.0592779517173767,1.071935772895813,3.0466201305389404,"['1e-3', '1e+2']","{'lambda_ic': 0.001, 'lambda_bc': 100.0}",100.001,"[0.001, 100.0]"
point_018,18,0.40709661089781846,1.1516932249069214,0.6477961763739586,1.1516932249069214,0.1438991278409958,"['1e-1', '1e+1']","{'lambda_ic': 0.1, 'lambda_bc': 10.0}",10.1,"[0.1, 10.0]"
point_011,11,0.4196031751790055,1.1783215999603271,0.6638716533780098,1.1783215999603271,0.14942170679569244,"['1e-2', '1e+1']","{'lambda_ic': 0.01, 'lambda_bc': 10.0}",10.01,"[0.01, 10.0]"
point_017,17,0.38695845010379115,1.208097219467163,0.666020791977644,1.208097219467163,0.12394436448812485,"['1e-1', '1e+0']","{'lambda_ic': 0.1, 'lambda_bc': 1.0}",1.1,"[0.1, 1.0]"
point_014,14,0.39506898637208865,1.2191790342330933,0.6735996007919312,1.2191790342330933,0.12802016735076904,"['1e-1', '1e-3']","{'lambda_ic': 0.1, 'lambda_bc': 0.001}",0.101,"[0.1, 0.001]"
point_010,10,0.4223989101081801,1.2260582447052002,0.6857910975813866,1.2260582447052002,0.14552395045757294,"['1e-2', '1e+0']","{'lambda_ic': 0.01, 'lambda_bc': 1.0}",1.01,"[0.01, 1.0]"
point_016,16,0.37490320731195154,1.2268701791763306,0.6707159727811813,1.2268701791763306,0.1145617663860321,"['1e-1', '1e-1']","{'lambda_ic': 0.1, 'lambda_bc': 0.1}",0.2,"[0.1, 0.1]"
point_015,15,0.351659135514449,1.2390618324279785,0.6694332472980022,1.2390618324279785,0.09980466216802597,"['1e-1', '1e-2']","{'lambda_ic': 0.1, 'lambda_bc': 0.01}",0.11,"[0.1, 0.01]"
point_004,4,0.4839062109667107,1.6342861652374268,0.8887845203280449,1.6342861652374268,0.14328287541866302,"['1e-3', '1e+1']","{'lambda_ic': 0.001, 'lambda_bc': 10.0}",10.001,"[0.001, 10.0]"
point_009,9,0.4882112066135574,1.7234971523284912,0.9308958277106285,1.7234971523284912,0.1382945030927658,"['1e-2', '1e-1']","{'lambda_ic': 0.01, 'lambda_bc': 0.1}",0.11,"[0.01, 0.1]"
point_003,3,0.442685426435674,1.7822736501693726,0.9461144618690014,1.7822736501693726,0.10995527356863022,"['1e-3', '1e+0']","{'lambda_ic': 0.001, 'lambda_bc': 1.0}",1.001,"[0.001, 1.0]"
point_008,8,0.5050155028652519,1.9305564165115356,1.0313318744301796,1.9305564165115356,0.13210733234882355,"['1e-2', '1e-2']","{'lambda_ic': 0.01, 'lambda_bc': 0.01}",0.02,"[0.01, 0.01]"
point_007,7,0.5255522285940789,2.011186361312866,1.0742603987455368,2.011186361312866,0.1373344361782074,"['1e-2', '1e-3']","{'lambda_ic': 0.01, 'lambda_bc': 0.001}",0.011,"[0.01, 0.001]"
point_002,2,0.5522216222186976,2.314704656600952,1.2232243865728378,2.314704656600952,0.1317441165447235,"['1e-3', '1e-1']","{'lambda_ic': 0.001, 'lambda_bc': 0.1}",0.101,"[0.001, 0.1]"
point_000,0,0.6547077535815773,2.729888916015625,1.4434535577893257,2.729888916015625,0.15701819956302643,"['1e-3', '1e-3']","{'lambda_ic': 0.001, 'lambda_bc': 0.001}",0.002,"[0.001, 0.001]"
point_001,1,0.6030839897977179,2.794581174850464,1.4623647928237915,2.794581174850464,0.13014841079711914,"['1e-3', '1e-2']","{'lambda_ic': 0.001, 'lambda_bc': 0.01}",0.011,"[0.001, 0.01]"
