elapsed_seconds,loss_max,loss_median,loss_min,loss_q25,loss_q75,method,method_label,rel_error_max,rel_error_median,rel_error_min,rel_error_q25,rel_error_q75,task_id
0.0,2.2671823501586914,1.3357925415039062,1.0401837825775146,1.185268521308899,2.158740520477295,war,"WAR (complex64, sinh)",1.3738802671432495,1.159508466720581,1.0151312351226807,1.076512336730957,1.3253854513168335,zk_2d_o3
20.0,0.16211847958927045,0.04833931349935392,0.018073824450070292,0.018115339318002733,0.07394386162848457,war,"WAR (complex64, sinh)",0.8141128797987391,0.6529165213852733,0.503680515092927,0.5861078152149838,0.7871604435885093,zk_2d_o3
40.0,0.024868408869405955,0.007919359802935885,0.0030171883351641526,0.005834115877526375,0.012909240447616077,war,"WAR (complex64, sinh)",0.7966687356195732,0.4910017765405021,0.4080235003726757,0.4387247023678459,0.7406097099995786,zk_2d_o3
60.0,0.011228961932918068,0.005172839411543457,0.0013815368254751885,0.0038763560296979677,0.005383642751010698,war,"WAR (complex64, sinh)",0.774904454837278,0.4055265420942059,0.2904201105632187,0.39006092930414776,0.707304554537202,zk_2d_o3
80.0,0.010871294692474939,0.0036029577951129485,0.002324096677300052,0.0034110668934557685,0.007478612255664068,war,"WAR (complex64, sinh)",0.7433959667312721,0.36919636847113985,0.23215057678707887,0.3337180962113602,0.6729017120244225,zk_2d_o3
100.0,0.011756804022298705,0.003586526869119191,0.0007419014899476781,0.0021045914957610263,0.004272408380577227,war,"WAR (complex64, sinh)",0.7252949985866903,0.3384487469420647,0.2182956781100973,0.28827068235932746,0.6500725003264427,zk_2d_o3
120.0,0.0034728562537725016,0.0026773331748554735,0.0006087246983128913,0.002363384651551338,0.003276293231194244,war,"WAR (complex64, sinh)",0.6804705586687015,0.29087206763570206,0.20571874528260647,0.21530057637775848,0.6111049534874441,zk_2d_o3
140.0,0.004047614599310737,0.002295108427486186,0.0016567749974540056,0.002199919232713126,0.00323322476114072,war,"WAR (complex64, sinh)",0.6260466911972583,0.2627941431560216,0.15297414873368725,0.2004970412282861,0.5587867096849891,zk_2d_o3
160.0,0.006852223190029054,0.002375768373515701,0.0005106684419385134,0.0021648775177872345,0.004751414181859578,war,"WAR (complex64, sinh)",0.532841605859003,0.25267361248559367,0.15438933271963626,0.20880682566798034,0.47268623593023584,zk_2d_o3
180.0,0.0009147834676565143,0.0008000235678133439,0.0004718947149596118,0.0006495692239962475,0.0008009560226948884,war,"WAR (complex64, sinh)",0.42312122989453804,0.2148417440699718,0.1377682630579121,0.19055589039053905,0.41812912584536144,zk_2d_o3
200.0,0.00304642436324101,0.0027004624947572003,0.0011491914791301268,0.0019362203222733577,0.0030338955170462535,war,"WAR (complex64, sinh)",0.29027399072718635,0.19704987037854316,0.14681394886834598,0.19179594301168318,0.23694497444144552,zk_2d_o3
220.0,0.0065733777757178025,0.0029824594733900843,0.0005324941879549243,0.0007166591242691913,0.005276051021968258,war,"WAR (complex64, sinh)",0.22003056537221527,0.18538489022732882,0.12720946551999732,0.1741926447874243,0.2145234732275098,zk_2d_o3
240.0,0.0053488421346186196,0.0008533252795806088,0.00016360693926870424,0.0003448549035581897,0.0012961922140107642,war,"WAR (complex64, sinh)",0.2704447151528784,0.18321300149605904,0.1551654285831809,0.1769317016238557,0.1839504387348554,zk_2d_o3
260.0,0.013058039644802956,0.0010194076910757111,0.0008633869036104142,0.0009329465971555605,0.0013146365508134726,war,"WAR (complex64, sinh)",0.2616896918284236,0.18266836842626566,0.09906110325008423,0.15572560062432406,0.25305443939536554,zk_2d_o3
280.0,0.0019452582170243172,0.0006880650306384486,0.00017168006922590312,0.0003375435308504502,0.0011573557422853696,war,"WAR (complex64, sinh)",0.1694624580243773,0.16306668598527338,0.0955740444421883,0.14287960836532074,0.1680182160380116,zk_2d_o3
300.0,0.002711086606461514,0.0005025902525084599,0.00022755503713855932,0.00043662728776680456,0.0011716664771132981,war,"WAR (complex64, sinh)",0.2035566688093332,0.16890886527501114,0.11912383345505627,0.12668042811491384,0.17765874525479913,zk_2d_o3
320.0,0.004895178596273687,0.0007597381728812969,0.0005068365467440669,0.0006641615884887523,0.0021255377232735936,war,"WAR (complex64, sinh)",0.19393313716294786,0.15763574853040552,0.11553162895650618,0.15563213227421385,0.17002687680614278,zk_2d_o3
340.0,0.0040923614997104224,0.0008040801147883418,0.00044111694093644245,0.0005176519476585761,0.0009788405000891738,war,"WAR (complex64, sinh)",0.17981490073204046,0.1342392319794891,0.11113155176361493,0.12229432405873192,0.14741183411275535,zk_2d_o3
360.0,0.004021428652379665,0.0008757713914242121,0.00048349009901917203,0.0005315830129692123,0.002440074201746004,war,"WAR (complex64, sinh)",0.16944129031983596,0.1358603236266656,0.07244515513280593,0.10552208976012961,0.16381865406573543,zk_2d_o3
380.0,0.009517109231144284,0.0012314620260301075,7.548162985956474e-05,0.0009583637615602103,0.0016851974061968655,war,"WAR (complex64, sinh)",0.14733038406162985,0.12525978941495175,0.08897414730121736,0.1055012492740697,0.13236926535988863,zk_2d_o3
400.0,0.0007380904773755663,0.0003543069802017205,0.00016106422773006724,0.00018092557679175395,0.0004719325157790717,war,"WAR (complex64, sinh)",0.19503937364706342,0.10373833145833364,0.07113887460881836,0.09648942317811414,0.12412855053101149,zk_2d_o3
420.0,0.0014241149273446355,0.0001549169384433346,3.2877337235886525e-05,7.915963156881812e-05,0.00039896733765584026,war,"WAR (complex64, sinh)",0.12414440143806528,0.10791790735725842,0.07369076748035198,0.09709552593683216,0.11889040713621238,zk_2d_o3
440.0,0.002096485083962103,0.0002802911037431667,5.565248938123864e-05,0.0001426731042284911,0.00035464063848803055,war,"WAR (complex64, sinh)",0.11848077231533558,0.0997311523098165,0.047069297177663914,0.09449925282634133,0.10061660192179742,zk_2d_o3
460.0,0.0025881312069350134,0.0003091910540546137,7.908963357104167e-05,0.00017550288292517908,0.00045166107905082227,war,"WAR (complex64, sinh)",0.1100960068173017,0.09082665322720472,0.0854118612085289,0.0896423030573925,0.10388171693563526,zk_2d_o3
480.0,0.00042829510903131634,0.00020778022275991587,6.122789051968008e-05,0.0001221859784476024,0.00023697085104000597,war,"WAR (complex64, sinh)",0.09878360967059176,0.08688697429456838,0.04978458373042379,0.07963676471734085,0.09563873219072819,zk_2d_o3
500.0,0.0006580715224702696,9.866184171559678e-05,3.070390864906995e-05,6.411727178129386e-05,0.0001510681599110465,war,"WAR (complex64, sinh)",0.09143940712260575,0.08558896562482816,0.055013116618459534,0.07454430184508974,0.08857997974501759,zk_2d_o3
520.0,0.0002180068120337473,0.00012327210332764178,3.5259218504003264e-05,6.154194114368885e-05,0.00013057667565092576,war,"WAR (complex64, sinh)",0.12801385855258596,0.0743524387273387,0.0453648452427198,0.06253544899966368,0.08980026485547342,zk_2d_o3
540.0,0.0005614839449006109,0.0002022501534634211,9.243306848912167e-05,0.00011308537119777783,0.00024500888797022595,war,"WAR (complex64, sinh)",0.10766978684979386,0.07777613857221992,0.06384007265464238,0.07399521680701088,0.08744290042679398,zk_2d_o3
560.0,0.00038903969224740435,0.00026245116122174583,4.4804124695577045e-05,0.00021932225060238459,0.0003397499129319368,war,"WAR (complex64, sinh)",0.08733858817443671,0.068277905999648,0.063656371287147,0.06790811240532216,0.07664625064181077,zk_2d_o3
580.0,0.0004540596441460465,8.760664401150165e-05,4.1077703170064764e-05,4.642273328010473e-05,0.0001888881240833096,war,"WAR (complex64, sinh)",0.07463939459168538,0.058252814362380424,0.04713899670562084,0.0563306997281204,0.07147447296483535,zk_2d_o3
600.0,0.0021342165719202416,0.00010976867679402368,4.88350297983849e-05,6.646103507616554e-05,0.00011934998501803252,war,"WAR (complex64, sinh)",0.06674816148722405,0.05386020819385371,0.049843372667923255,0.05113686498172811,0.06424989014006557,zk_2d_o3
620.0,0.0002845628113692637,0.00019348566049798597,0.00010045125240274239,0.00018590761472875525,0.00022466992333914897,war,"WAR (complex64, sinh)",0.06491121051633429,0.06073267053335445,0.043722799632435555,0.05116677816075729,0.06490719483974451,zk_2d_o3
640.0,0.0003074620334642595,3.761984207959264e-05,1.8706509967133013e-05,2.7742607356456042e-05,9.158271332655224e-05,war,"WAR (complex64, sinh)",0.06767785612942412,0.05056426653697663,0.03438970145918199,0.04742371456590894,0.061205147895282926,zk_2d_o3
660.0,0.0006488371907047189,7.224004449568925e-05,2.3343845088349048e-05,2.540862266963583e-05,0.000143150418135038,war,"WAR (complex64, sinh)",0.06309037701373683,0.052941327588758975,0.045051757433654936,0.05041647939969045,0.0540054642875248,zk_2d_o3
680.0,0.0004067661389258818,0.00024543655144692174,2.416993532540503e-05,0.00012055436091062899,0.0003372943792394549,war,"WAR (complex64, sinh)",0.06586417609950583,0.04421798799483226,0.03369677399020236,0.03695014876306314,0.05398904431067007,zk_2d_o3
700.0,0.00019458600953957628,7.243533524604801e-05,5.2465306221151274e-05,6.678581351828645e-05,7.269411869039449e-05,war,"WAR (complex64, sinh)",0.05471577869640891,0.0455110809761425,0.03376416326635016,0.03695074304150462,0.05005908264567944,zk_2d_o3
720.0,0.0006070096334198595,4.902521579287312e-05,1.6776651690940517e-05,4.628851191179491e-05,0.00023134342145244573,war,"WAR (complex64, sinh)",0.06490243632036076,0.046114258996533514,0.028763867783529466,0.04559850994358597,0.047561335936145276,zk_2d_o3
740.0,0.0002160942185572294,6.798175310110837e-05,2.7932744558195656e-05,2.984010419244235e-05,8.304495606285173e-05,war,"WAR (complex64, sinh)",0.048174503663964,0.03661634899944697,0.03152581845166254,0.03163436817802835,0.04475683829139139,zk_2d_o3
760.0,0.0003815855133057455,4.314291220443883e-05,1.1985977887005303e-05,1.2354144139242335e-05,0.0001906621114741658,war,"WAR (complex64, sinh)",0.05530223769029189,0.03531146415601821,0.030108506585136852,0.033340657110984134,0.04507473896993126,zk_2d_o3
780.0,0.00030359025533568875,0.00010257765966844888,2.3107187083559884e-05,2.3126524299600292e-05,0.0001666618900869443,war,"WAR (complex64, sinh)",0.04627120957899728,0.03509937917474572,0.02631476180879389,0.03427639243078567,0.03941874001841413,zk_2d_o3
800.0,5.8868957445754325e-05,2.523032451831716e-05,1.4573103357426477e-05,2.5041047960915373e-05,3.990291876786049e-05,war,"WAR (complex64, sinh)",0.04105055463657333,0.030289218651610057,0.027181172935970204,0.02764767197652281,0.03814732089996583,zk_2d_o3
820.0,0.00023981432189397193,9.277154837647957e-05,6.972062915355005e-05,8.74304818177452e-05,0.0001624765248457974,war,"WAR (complex64, sinh)",0.03873693627598207,0.03127815069157817,0.023087846808787317,0.02895916743622031,0.037223010858672655,zk_2d_o3
840.0,0.00019161420845321993,1.332949360967926e-05,8.514961093897187e-06,9.45660845813981e-06,1.904849003285621e-05,war,"WAR (complex64, sinh)",0.03902312034371518,0.028137474907649836,0.020327579736052735,0.02425011475934703,0.03320087083391213,zk_2d_o3
860.0,8.176230376024823e-05,5.2099691041313965e-05,3.1848091770490774e-05,3.3464799281606846e-05,7.198563424236498e-05,war,"WAR (complex64, sinh)",0.03402951667310794,0.030415860458010497,0.021154612549043047,0.024032732622281786,0.03266746448813032,zk_2d_o3
880.0,0.00017486435630248656,3.981389730126528e-05,1.7634503768572973e-05,2.3763336573457472e-05,4.6913110102546786e-05,war,"WAR (complex64, sinh)",0.03268239005084569,0.027780553311660378,0.021919777976489294,0.025834088058558007,0.03035474857606178,zk_2d_o3
900.0,4.884205998210417e-05,3.075122393431135e-05,7.0536682900060434e-06,2.9502073673145065e-05,3.647492496449091e-05,war,"WAR (complex64, sinh)",0.03119075382715151,0.02469435487611374,0.019495695203221287,0.021249056018810674,0.028880669535967185,zk_2d_o3
920.0,0.00014258690168921187,3.919514743640364e-05,1.3727738331368614e-05,2.3466940781217572e-05,4.295499041280348e-05,war,"WAR (complex64, sinh)",0.03199087920667981,0.027945769684435393,0.01745110754948281,0.02046865370523576,0.03138990603338712,zk_2d_o3
940.0,2.892478964153843e-05,1.5610154831767983e-05,1.1916717928375373e-05,1.2462821372165782e-05,2.288349890836607e-05,war,"WAR (complex64, sinh)",0.028441366165862784,0.023791656825207154,0.018889030998900755,0.0191385132987637,0.026182370184007115,zk_2d_o3
960.0,2.907275314878339e-05,1.5863074616238847e-05,5.2351409238150265e-06,8.175670159764791e-06,1.7311292750393352e-05,war,"WAR (complex64, sinh)",0.027358496464780648,0.023394450803618357,0.016675001695565315,0.01885679475837506,0.024977433650753448,zk_2d_o3
980.0,4.558017909537121e-05,6.426123175649403e-06,5.753080670971005e-06,6.049654799685624e-06,2.1220190576069665e-05,war,"WAR (complex64, sinh)",0.02591499087882219,0.022380683506624276,0.014283360811676749,0.01821191881213171,0.023620644603171113,zk_2d_o3
1000.0,9.836511245719138e-05,1.5662939820703493e-05,7.033741976634655e-06,8.933504088057988e-06,1.9303757528116395e-05,war,"WAR (complex64, sinh)",0.024315719292093644,0.02100867385911733,0.014785662361653245,0.017485093940206597,0.02260423936650366,zk_2d_o3
1020.0,2.6729178782040487e-05,1.2135307189776349e-05,5.8699787730703805e-06,7.572513700035909e-06,1.997967419390797e-05,war,"WAR (complex64, sinh)",0.023384763021455136,0.02068065265249694,0.013098469880087185,0.018468255056667503,0.021972430758431097,zk_2d_o3
1040.0,1.3611295527082251e-05,8.842811727349128e-06,6.657381396094241e-06,7.351366140909199e-06,1.280231626490051e-05,war,"WAR (complex64, sinh)",0.021810133203236295,0.02100710493254065,0.012506063024408206,0.015719308688828173,0.021339198844462743,zk_2d_o3
1060.0,1.0828927721754812e-05,9.663907350219728e-06,7.698745333406548e-06,8.720206454210759e-06,1.0744116513371475e-05,war,"WAR (complex64, sinh)",0.021446904627332335,0.020339103086695592,0.011410312818636368,0.015771736086557953,0.02056232645358712,zk_2d_o3
1080.0,2.8376383791464454e-05,1.0415734580326918e-05,4.768282839889856e-06,8.283263868406914e-06,1.1118675579309205e-05,war,"WAR (complex64, sinh)",0.01966952341220124,0.019414767677548135,0.011326598087066929,0.015545997720415464,0.019417850434262463,zk_2d_o3
1100.0,2.925225726001807e-05,9.141922708171043e-06,6.028309987508434e-06,6.314846279822689e-06,2.832023304354392e-05,war,"WAR (complex64, sinh)",0.019973628873509498,0.019593651669420637,0.010819086541653922,0.015679568363664246,0.019596535978459423,zk_2d_o3
1120.0,1.6899659975536114e-05,8.841122136189772e-06,8.399675149211298e-06,8.580863858371213e-06,8.853079382706424e-06,war,"WAR (complex64, sinh)",0.018858721268607326,0.018387724884869786,0.01043913598951559,0.014484494380034366,0.018695259600684126,zk_2d_o3
1140.0,1.352368432596059e-05,8.599350684344433e-06,5.1178101521001065e-06,6.805488370286479e-06,1.0580479430570558e-05,war,"WAR (complex64, sinh)",0.018333659463458565,0.017808053785138247,0.010415139042961602,0.014408719717040903,0.01795755307963455,zk_2d_o3
1160.0,3.377034979555642e-05,1.4635069669005363e-05,3.7359606996271205e-06,6.306336051138932e-06,2.2856518536569497e-05,war,"WAR (complex64, sinh)",0.018187226344753626,0.01810862362970038,0.009483419380998902,0.01436751082727862,0.018147357382703334,zk_2d_o3
1180.0,4.932674773740789e-05,1.7564674338827403e-05,1.0354723096378587e-05,1.31858218028576e-05,3.742139683077803e-05,war,"WAR (complex64, sinh)",0.018254653172915795,0.016616134154252404,0.010012730533722227,0.014625549734297406,0.0173373816591782,zk_2d_o3
1200.0,2.3610040322549654e-05,9.094675705857101e-06,3.687673771117125e-06,4.214782104142563e-06,1.2454298057765245e-05,war,"WAR (complex64, sinh)",0.01802852366049905,0.016121281470671402,0.009024375936777195,0.014056338575355348,0.016657828184515448,zk_2d_o3
0.0,2.234600305557251,1.7289947271347046,1.1988235712051392,1.6343050003051758,1.8729708194732666,real_tanh_autodiff,"Real AD (float32, tanh)",1.3602606058120728,1.249793291091919,1.1128085851669312,1.210328221321106,1.3301115036010742,zk_2d_o3
20.0,0.05623972862087014,0.049685113135263574,0.04300419409319873,0.04771508847384224,0.05058408815876335,real_tanh_autodiff,"Real AD (float32, tanh)",0.9631479147804397,0.9193517291791818,0.8775229302248635,0.9183672798699223,0.9418391014286984,zk_2d_o3
40.0,0.03512332607591702,0.030179445766882605,0.024005599333705597,0.026950236976757372,0.030514146793530823,real_tanh_autodiff,"Real AD (float32, tanh)",0.8876636627300177,0.8584372937430987,0.8256231411736432,0.8455876449264407,0.8767278203827926,zk_2d_o3
60.0,0.043268398642231705,0.018078738140315256,0.016921126451483085,0.01714976052387091,0.030665948533840925,real_tanh_autodiff,"Real AD (float32, tanh)",0.9296298175266318,0.8359778589370233,0.8100717980362218,0.8231140870481509,0.920461993616065,zk_2d_o3
80.0,0.017645455523390863,0.012611585078583095,0.008464482265769143,0.011163437543049807,0.013207145349109906,real_tanh_autodiff,"Real AD (float32, tanh)",0.8912745949867766,0.8358468515257438,0.7864196986985998,0.8283825725556143,0.8534489017484549,zk_2d_o3
100.0,0.02925175563256765,0.010922254035240199,0.005676870471309235,0.009734579484334557,0.011092282649192882,real_tanh_autodiff,"Real AD (float32, tanh)",0.8464133518827173,0.7237723798709259,0.7091499998936263,0.7158973828112514,0.7653074146344109,zk_2d_o3
120.0,0.015977882317185273,0.004798447980020884,0.001959486925036423,0.0030801619130764865,0.0060605305534870944,real_tanh_autodiff,"Real AD (float32, tanh)",0.7650555933786212,0.607001860650639,0.5855580603034408,0.6041420385237891,0.6503298644780617,zk_2d_o3
140.0,0.0033955288138395323,0.003224119771418104,0.0021792076118307313,0.0022959118233121336,0.0032781717694448874,real_tanh_autodiff,"Real AD (float32, tanh)",0.7204359682062814,0.531553514911477,0.5043500385791166,0.5114081535486938,0.5322007223421069,zk_2d_o3
160.0,0.006736331680539381,0.002110768454200928,0.0015353651602431893,0.001667545445055447,0.0027925883465235485,real_tanh_autodiff,"Real AD (float32, tanh)",0.6287473876552988,0.4480766949628654,0.3943879633792856,0.44693333705853505,0.4780705526763822,zk_2d_o3
180.0,0.0018101448586691643,0.0012730341869093226,0.0007584709389638954,0.0009217952364898956,0.001717033726089806,real_tanh_autodiff,"Real AD (float32, tanh)",0.5113405749433987,0.3774207356972787,0.29807314663117207,0.354171339570791,0.3981337944253036,zk_2d_o3
200.0,0.014897563836120432,0.0018107141352949967,0.0009362457215222001,0.0014171722235223425,0.005917010001286984,real_tanh_autodiff,"Real AD (float32, tanh)",0.43233202057929615,0.33978659113118187,0.226352887060093,0.2963670496293076,0.376471840852329,zk_2d_o3
220.0,0.002464833307655606,0.0018952666522137132,0.0007513533168887311,0.0011684021631214187,0.0019476844133813175,real_tanh_autodiff,"Real AD (float32, tanh)",0.367771614422887,0.26760674139668916,0.2047258319918182,0.2397566237397042,0.30730164586302855,zk_2d_o3
240.0,0.0018977013332204175,0.0009594075057059075,0.0005330192271167559,0.0009203689484908439,0.0010055411060873745,real_tanh_autodiff,"Real AD (float32, tanh)",0.31308539514341277,0.22493494834983987,0.16560258888694687,0.2110027340448866,0.2664147519467341,zk_2d_o3
260.0,0.008926007675378073,0.0012087237226202582,0.00034078497534658687,0.00039835874388118004,0.0036110025152177204,real_tanh_autodiff,"Real AD (float32, tanh)",0.28983624269476116,0.20255681704646525,0.14778836629545744,0.20025929575551965,0.2469099114674618,zk_2d_o3
280.0,0.004976953512931719,0.0019833433537728906,0.0005218857267777276,0.0005335380364287503,0.0024782869127412395,real_tanh_autodiff,"Real AD (float32, tanh)",0.24485256292518373,0.17973946871492288,0.14641340843791908,0.16609868589257015,0.22013573408123127,zk_2d_o3
300.0,0.005881813772205043,0.0005885722145622015,0.000410639786197775,0.0004193507031660921,0.002327649798474807,real_tanh_autodiff,"Real AD (float32, tanh)",0.20491493403667588,0.17881717691539165,0.1454389038896405,0.15230702625837392,0.20257449710813416,zk_2d_o3
320.0,0.0009628276902073555,0.0006488493299189763,0.00032937855154933926,0.0003443706677285496,0.0007352959362549074,real_tanh_autodiff,"Real AD (float32, tanh)",0.1890951291787462,0.1456700995093196,0.12350405345909779,0.14137414063044917,0.18383929288207768,zk_2d_o3
340.0,0.005127370230954139,0.0018244638319547938,0.00015899967527650957,0.00038596094189049553,0.0020257731425783,real_tanh_autodiff,"Real AD (float32, tanh)",0.1729720707990442,0.14389257156816648,0.13455808609683748,0.13909142897124688,0.15868701138437571,zk_2d_o3
360.0,0.003084543591260933,0.0009836416976188604,0.00036711667506335836,0.0007954692283804385,0.0021552291711659636,real_tanh_autodiff,"Real AD (float32, tanh)",0.16252609900287,0.12116742482205063,0.1198698172082984,0.12053901562529605,0.1501653696797092,zk_2d_o3
380.0,0.0009171540974347852,0.0004172641214045984,0.00013009184080956822,0.00021915906614796308,0.0005792778579560286,real_tanh_autodiff,"Real AD (float32, tanh)",0.15479327911925372,0.11816728514774504,0.11376092458882425,0.1151476139695197,0.12684397768064418,zk_2d_o3
400.0,0.002514646704873829,0.0011855702726611083,0.00030793311244470614,0.0003911657759132126,0.0024232023450779456,real_tanh_autodiff,"Real AD (float32, tanh)",0.14046445953982414,0.11215034591608306,0.10762315496456097,0.10927766382631326,0.13565048497813,zk_2d_o3
420.0,0.0014901142620269401,0.00034516825081758385,0.00017331086826160054,0.0002661241996674116,0.0007593157898116644,real_tanh_autodiff,"Real AD (float32, tanh)",0.13375993599837147,0.1068583979857879,0.10111774978465893,0.10534631958678613,0.12570669902561826,zk_2d_o3
440.0,0.0022817839180551097,0.0005485552813971949,0.0001786760850326862,0.0005306265287678941,0.001464881385913905,real_tanh_autodiff,"Real AD (float32, tanh)",0.1263286568076413,0.10969125272384937,0.09605662867558751,0.10451802082506743,0.11045888166708452,zk_2d_o3
460.0,0.0010246222582154078,0.0005335308318757066,0.00011396248203541852,0.00019288229663891546,0.0007637556979568722,real_tanh_autodiff,"Real AD (float32, tanh)",0.11868890261174095,0.097052379335088,0.09490311613256934,0.09636232051010361,0.09893763627524578,zk_2d_o3
480.0,0.0020623099614248477,0.0005106019307262302,8.648646315824797e-05,0.0004367478168853061,0.0008390689496395351,real_tanh_autodiff,"Real AD (float32, tanh)",0.11842442471227846,0.09139305127395038,0.08855559140716551,0.08951072014514252,0.11177444929286472,zk_2d_o3
500.0,0.0007510666514631371,0.0001847241549723534,7.72645615006724e-05,0.00015626923308743087,0.0006359654902177026,real_tanh_autodiff,"Real AD (float32, tanh)",0.11138517146866055,0.09226877809400157,0.08147710199634126,0.08191296174570477,0.0958623303228588,zk_2d_o3
520.0,0.001544915640036865,0.0004200143760779065,0.00014403153004320562,0.000331461110450556,0.0012302786336467952,real_tanh_autodiff,"Real AD (float32, tanh)",0.1080018876968994,0.08148630060917846,0.07552859673196285,0.08083621982333558,0.08507753155961698,zk_2d_o3
540.0,0.0019452996315363722,0.0006636755146377421,8.028067331248228e-05,8.480449020970117e-05,0.0006987713534906304,real_tanh_autodiff,"Real AD (float32, tanh)",0.09846464578937521,0.08243908008027437,0.0754389893553872,0.08103705571023487,0.08734228813405515,zk_2d_o3
560.0,0.00409685096546651,0.0005818497061267804,9.059668762622844e-05,0.00016344416616257044,0.0018649874799626096,real_tanh_autodiff,"Real AD (float32, tanh)",0.09619843404224394,0.08126380132224353,0.06935819047069883,0.0794716482505384,0.0930263772705172,zk_2d_o3
580.0,0.0007884769720712672,0.00015674361026527455,9.790716526775201e-05,0.00014468877180647956,0.0001991116633680512,real_tanh_autodiff,"Real AD (float32, tanh)",0.09710003860586656,0.07362330010631085,0.06327402548942715,0.06552326874110864,0.07847150707385572,zk_2d_o3
600.0,0.001953274147328983,0.00011843754405003857,5.761164694697976e-05,8.805507003314057e-05,0.0007113191829970051,real_tanh_autodiff,"Real AD (float32, tanh)",0.08630936552463697,0.07023493404820483,0.06470407215754773,0.06941858131905401,0.07359157866126909,zk_2d_o3
620.0,0.006293050644062874,0.00022808228192083832,5.0362528657737625e-05,0.00012647610604380933,0.00047382730905516933,real_tanh_autodiff,"Real AD (float32, tanh)",0.1176114592552254,0.06933929358617963,0.05436566433678734,0.05986469600344523,0.07448832399498319,zk_2d_o3
640.0,0.002058355376463649,8.715902804557343e-05,6.134919874206677e-05,8.383217038660786e-05,0.0001035076499414799,real_tanh_autodiff,"Real AD (float32, tanh)",0.07685132642558981,0.06970339365191544,0.053402128104412874,0.06587025219167163,0.07025286543975905,zk_2d_o3
660.0,0.001595231385431501,0.00046182682932619277,4.7160455885173506e-05,9.160241934139074e-05,0.0005318385811795613,real_tanh_autodiff,"Real AD (float32, tanh)",0.07180982389527799,0.06114832619206785,0.04924094271325665,0.05299359378524422,0.06348180716523585,zk_2d_o3
680.0,0.0028585785999556772,0.0004793487651098613,9.446870336939501e-05,0.0003393707530483754,0.0018858886379224677,real_tanh_autodiff,"Real AD (float32, tanh)",0.07904738505172022,0.06850589423100001,0.052830298813282654,0.0618655076079746,0.07165705044735318,zk_2d_o3
700.0,0.0001456030326839878,7.457841957351585e-05,4.381333860256832e-05,4.625060714758479e-05,0.00011626110538227818,real_tanh_autodiff,"Real AD (float32, tanh)",0.06618144418375009,0.05837540032296567,0.04480375110517129,0.04733279818949605,0.06259017007389142,zk_2d_o3
720.0,0.00014573420738189403,8.517738290591618e-05,4.261947456239002e-05,6.062758618022844e-05,9.411251095543149e-05,real_tanh_autodiff,"Real AD (float32, tanh)",0.06277923778892337,0.05763999937238117,0.043502335249949405,0.048509653208221856,0.05828602501397911,zk_2d_o3
740.0,0.00025769818480557595,0.00011880162498162939,6.120810251756635e-05,0.00010653024684318958,0.0002336461518068687,real_tanh_autodiff,"Real AD (float32, tanh)",0.06264657671619926,0.05433603509049834,0.0428498933490964,0.043248833557228965,0.05926901640653845,zk_2d_o3
760.0,0.0001238790130818641,6.899642895217955e-05,4.970328422580661e-05,6.688326484005256e-05,8.20118067135408e-05,real_tanh_autodiff,"Real AD (float32, tanh)",0.05579606503118838,0.053090023345669764,0.03860454983799203,0.04242924802218062,0.05576086585768794,zk_2d_o3
780.0,0.00032832364746939087,0.0002450673359338144,4.6724809933864214e-05,6.029997145565937e-05,0.0003278264246861464,real_tanh_autodiff,"Real AD (float32, tanh)",0.05594924395867122,0.05045695512136563,0.04350239108397029,0.04365577563687283,0.05333220697465471,zk_2d_o3
800.0,0.00013797097620691807,8.383422457075146e-05,4.5585844000937584e-05,4.8888726502578633e-05,9.71610163795581e-05,real_tanh_autodiff,"Real AD (float32, tanh)",0.0518879288029906,0.04831421221042865,0.036706785022711255,0.03728268617241747,0.0512920250348035,zk_2d_o3
820.0,0.0008189238933006249,7.815747123276074e-05,3.349392518777423e-05,5.857131560518504e-05,8.188483307864435e-05,real_tanh_autodiff,"Real AD (float32, tanh)",0.05388169903145309,0.04799487381421841,0.03529365912730458,0.037374154437991955,0.049297231308160695,zk_2d_o3
840.0,0.0001501925951367457,4.76083340301312e-05,3.3412947797911096e-05,3.788688056743278e-05,5.7553563324327936e-05,real_tanh_autodiff,"Real AD (float32, tanh)",0.052509944623328725,0.0444791687428875,0.03304983931559272,0.037117497427837945,0.0495798881388276,zk_2d_o3
860.0,0.00027684971179280766,5.753253642389651e-05,2.603492878093855e-05,4.164278012520161e-05,6.052263499988511e-05,real_tanh_autodiff,"Real AD (float32, tanh)",0.047073321517827546,0.04355168080985669,0.03331650992990741,0.03632856608003248,0.046015517414193775,zk_2d_o3
880.0,0.00013037344795273549,0.00011375434934277789,5.573539553405113e-05,5.981776064848863e-05,0.00011910386256969142,real_tanh_autodiff,"Real AD (float32, tanh)",0.04691316793545686,0.043395374492546504,0.03219692591039275,0.032434207895121366,0.04464747505701425,zk_2d_o3
900.0,0.00010364938158547735,5.3862249524335425e-05,3.331193468994502e-05,3.702562401268853e-05,6.522302950564966e-05,real_tanh_autodiff,"Real AD (float32, tanh)",0.04607555365223917,0.041386397054147935,0.03223391041638175,0.034132691210348017,0.04268486229727127,zk_2d_o3
920.0,0.00011768609311542845,4.040358091699461e-05,2.6232665967823692e-05,3.6637054118055586e-05,4.7815042580078104e-05,real_tanh_autodiff,"Real AD (float32, tanh)",0.04313917870174,0.04057087403908095,0.03038990711818119,0.031418893011936656,0.04067865396137999,zk_2d_o3
940.0,0.00011011325884039933,8.632095252988105e-05,6.949402522470463e-05,7.040947433884737e-05,8.764313597864385e-05,real_tanh_autodiff,"Real AD (float32, tanh)",0.04199727451265272,0.039285056094604635,0.03127294358944446,0.03339744546139926,0.039402159136454035,zk_2d_o3
960.0,0.00032022166008065917,6.1248120810534e-05,3.4697163900789564e-05,4.46465648995486e-05,6.741231886963493e-05,real_tanh_autodiff,"Real AD (float32, tanh)",0.04174953399672646,0.037889999684202445,0.02878055185280489,0.030707126447616914,0.03852064873331248,zk_2d_o3
980.0,0.00016764896618854535,7.273174104109083e-05,2.9662824431210825e-05,6.17269523138634e-05,0.00010915792325891772,real_tanh_autodiff,"Real AD (float32, tanh)",0.039574862783476036,0.03710624373749591,0.03138956168638744,0.032265719627649736,0.039236228552359205,zk_2d_o3
1000.0,4.281332853861061e-05,3.274231159073138e-05,2.7055089760659962e-05,3.073410227586307e-05,3.9333213739681855e-05,real_tanh_autodiff,"Real AD (float32, tanh)",0.03997420984843955,0.03623918433775132,0.028439075529302266,0.029524783449321492,0.03636217467988528,zk_2d_o3
1020.0,4.647504367002719e-05,3.851304951746154e-05,2.2490767791836555e-05,2.277048420446513e-05,4.313690182979635e-05,real_tanh_autodiff,"Real AD (float32, tanh)",0.03944902527022029,0.03517465827561853,0.027410002469881865,0.02752634487645471,0.035454912994782185,zk_2d_o3
1040.0,6.573024741615456e-05,2.4692120634122788e-05,1.965456249676996e-05,2.3850395140454367e-05,5.524636046116356e-05,real_tanh_autodiff,"Real AD (float32, tanh)",0.03857119326974701,0.03442015077588252,0.026673850686103447,0.028026573334654286,0.03464433615374109,zk_2d_o3
1060.0,3.3861988915147904e-05,2.4032949471282534e-05,2.0603781604752944e-05,2.2124430118556952e-05,2.9453511126239546e-05,real_tanh_autodiff,"Real AD (float32, tanh)",0.03809402268024161,0.03358066426999467,0.026797933613051238,0.02770031393140985,0.03405317010748551,zk_2d_o3
1080.0,3.3433809051736e-05,2.181409021594972e-05,1.740276903626662e-05,2.0657931723266118e-05,2.5863121569896686e-05,real_tanh_autodiff,"Real AD (float32, tanh)",0.03818559014174026,0.032832963775205115,0.026516652319307395,0.02682548282340762,0.03317793460958381,zk_2d_o3
1100.0,3.651072522287668e-05,2.4548647490097017e-05,2.075333597022602e-05,2.3463402412297412e-05,2.4799148324167626e-05,real_tanh_autodiff,"Real AD (float32, tanh)",0.03696697179170438,0.03222255792538922,0.02635989531261257,0.027003184992283255,0.032526482257787995,zk_2d_o3
1120.0,3.933574638524334e-05,1.6325991522959793e-05,1.3492421739069468e-05,1.552631954370836e-05,2.1712892846574694e-05,real_tanh_autodiff,"Real AD (float32, tanh)",0.03635242866203869,0.031550977972842904,0.025917844884984883,0.026051511186717436,0.03210850895582305,zk_2d_o3
1140.0,3.4480104461508733e-05,1.882287536693687e-05,1.614717275130159e-05,1.7045053533363594e-05,2.8730773140132544e-05,real_tanh_autodiff,"Real AD (float32, tanh)",0.03559907268724751,0.030805751796091237,0.025804592943949524,0.02692026230827222,0.031006016902757737,zk_2d_o3
1160.0,3.7242814699734e-05,2.23065058233618e-05,1.569845754876501e-05,2.0498280833338497e-05,2.7827101181591757e-05,real_tanh_autodiff,"Real AD (float32, tanh)",0.03501782314215063,0.03010720841803196,0.025688324150448028,0.025740018039990955,0.03096921889849295,zk_2d_o3
1180.0,3.630870249162049e-05,2.707108883771759e-05,1.317674095361091e-05,2.4015843437021146e-05,3.154226540710344e-05,real_tanh_autodiff,"Real AD (float32, tanh)",0.03536066628409644,0.029296943616986627,0.02480520170882869,0.025714598486954947,0.030116408497162458,zk_2d_o3
1200.0,5.5269652466557314e-05,1.653028955002433e-05,1.1975513365003549e-05,1.4102019080500297e-05,4.1445123766908066e-05,real_tanh_autodiff,"Real AD (float32, tanh)",0.0335668222681298,0.02993102826866919,0.024603870155087682,0.025479383799398733,0.03034133792802012,zk_2d_o3
