candidate_id,candidate_index,real_sinh_autodiff_loss,real_sinh_autodiff_mass_drift_rms,real_sinh_autodiff_rel_error,real_sinh_autodiff_status,real_sinh_autodiff_steps,war_loss,war_mass_drift_rms,war_rel_error,war_status,war_steps,weight_labels,weight_map,weights
point_000,0,0.11046063154935837,0.41280391812324524,2.7968666553497314,complete,955,0.0003251142625231296,0.011346598155796528,0.12157510221004486,complete,1596,"[""1e-3"", ""1e-3""]","{""lambda_bc"": 0.001, ""lambda_ic"": 0.001}","[0.001, 0.001]"
point_001,1,0.10679323226213455,0.41269776225090027,2.7992618083953857,complete,969,0.00036109209759160876,0.011928881518542767,0.12213138490915298,complete,1618,"[""1e-3"", ""1e-2""]","{""lambda_bc"": 0.01, ""lambda_ic"": 0.001}","[0.001, 0.01]"
point_002,2,0.12275248765945435,0.20220956206321716,2.452176570892334,complete,958,0.0003766933805309236,0.007347930688410997,0.11399561911821365,complete,1641,"[""1e-3"", ""1e-1""]","{""lambda_bc"": 0.1, ""lambda_ic"": 0.001}","[0.001, 0.1]"
point_003,3,0.15384197235107422,0.19557632505893707,2.4436023235321045,complete,989,0.00044601643458008766,0.003574238857254386,0.10152830183506012,complete,1655,"[""1e-3"", ""1e+0""]","{""lambda_bc"": 1.0, ""lambda_ic"": 0.001}","[0.001, 1.0]"
point_004,4,0.07024453580379486,0.04991894215345383,0.37189599871635437,complete,966,0.0004022590583190322,0.0019084231462329626,0.07182387262582779,complete,1573,"[""1e-3"", ""1e+1""]","{""lambda_bc"": 10.0, ""lambda_ic"": 0.001}","[0.001, 10.0]"
point_005,5,0.10862879455089569,0.013823200017213821,0.45305460691452026,complete,919,0.07925325632095337,0.5640395879745483,3.135892868041992,complete,1574,"[""1e-3"", ""1e+2""]","{""lambda_bc"": 100.0, ""lambda_ic"": 0.001}","[0.001, 100.0]"
point_006,6,0.5826625227928162,0.0443032942712307,0.9954767227172852,complete,944,0.012037661857903004,0.19715721905231476,1.2551499605178833,complete,1578,"[""1e-3"", ""1e+3""]","{""lambda_bc"": 1000.0, ""lambda_ic"": 0.001}","[0.001, 1000.0]"
point_007,7,0.07591128349304199,0.1046644076704979,0.8465417623519897,complete,971,0.0003227250126656145,0.008922377601265907,0.11314290761947632,complete,1575,"[""1e-2"", ""1e-3""]","{""lambda_bc"": 0.001, ""lambda_ic"": 0.01}","[0.01, 0.001]"
point_008,8,0.07880035787820816,0.08914380520582199,0.8118831515312195,complete,927,0.0004450920387171209,0.00766985397785902,0.1163790300488472,complete,1604,"[""1e-2"", ""1e-2""]","{""lambda_bc"": 0.01, ""lambda_ic"": 0.01}","[0.01, 0.01]"
point_009,9,0.06697739660739899,0.06225977838039398,0.7454690337181091,complete,971,0.00037945754593238235,0.007790231611579657,0.11371905356645584,complete,1637,"[""1e-2"", ""1e-1""]","{""lambda_bc"": 0.1, ""lambda_ic"": 0.01}","[0.01, 0.1]"
point_010,10,0.07671776413917542,0.10272608697414398,0.7819525003433228,complete,952,0.004223133437335491,0.05682715028524399,0.6196987628936768,complete,1592,"[""1e-2"", ""1e+0""]","{""lambda_bc"": 1.0, ""lambda_ic"": 0.01}","[0.01, 1.0]"
point_011,11,0.061277858912944794,0.053102388978004456,0.38608184456825256,complete,956,0.00042752420995384455,0.0025158924981951714,0.06973918527364731,complete,1627,"[""1e-2"", ""1e+1""]","{""lambda_bc"": 10.0, ""lambda_ic"": 0.01}","[0.01, 10.0]"
point_012,12,0.11909672617912292,0.013260088860988617,0.45603469014167786,complete,918,0.0004534156178124249,0.005982722155749798,0.03732552006840706,complete,1668,"[""1e-2"", ""1e+2""]","{""lambda_bc"": 100.0, ""lambda_ic"": 0.01}","[0.01, 100.0]"
point_013,13,0.6322774887084961,0.025363625958561897,0.9852052927017212,complete,946,0.011697047390043736,0.18752722442150116,1.2323698997497559,complete,1568,"[""1e-2"", ""1e+3""]","{""lambda_bc"": 1000.0, ""lambda_ic"": 0.01}","[0.01, 1000.0]"
point_014,14,0.08240069448947906,0.07913590222597122,0.8509134650230408,complete,905,0.0003104780334979296,0.006636940874159336,0.10071845352649689,complete,1587,"[""1e-1"", ""1e-3""]","{""lambda_bc"": 0.001, ""lambda_ic"": 0.1}","[0.1, 0.001]"
point_015,15,0.15308086574077606,0.22587838768959045,2.37154483795166,complete,904,0.000266268034465611,0.006599545478820801,0.10330051183700562,complete,1561,"[""1e-1"", ""1e-2""]","{""lambda_bc"": 0.01, ""lambda_ic"": 0.1}","[0.1, 0.01]"
point_016,16,0.07023724913597107,0.050498172640800476,0.6219990849494934,complete,983,0.0002662627666722983,0.006011209916323423,0.09352485835552216,complete,1593,"[""1e-1"", ""1e-1""]","{""lambda_bc"": 0.1, ""lambda_ic"": 0.1}","[0.1, 0.1]"
point_017,17,0.08477655798196793,0.0678965151309967,0.670197069644928,complete,979,0.005632386542856693,0.04470737650990486,0.6318047046661377,complete,1570,"[""1e-1"", ""1e+0""]","{""lambda_bc"": 1.0, ""lambda_ic"": 0.1}","[0.1, 1.0]"
point_018,18,0.06599348783493042,0.04107951372861862,0.3235430121421814,complete,963,0.00046835833927616477,0.0028277772944420576,0.07517778128385544,complete,1596,"[""1e-1"", ""1e+1""]","{""lambda_bc"": 10.0, ""lambda_ic"": 0.1}","[0.1, 10.0]"
point_019,19,0.1119379997253418,0.007900197990238667,0.463959276676178,complete,969,0.0005224928609095514,0.003357264678925276,0.07400786876678467,complete,1587,"[""1e-1"", ""1e+2""]","{""lambda_bc"": 100.0, ""lambda_ic"": 0.1}","[0.1, 100.0]"
point_020,20,0.6324633955955505,0.024702392518520355,0.9637675881385803,complete,980,0.012536576949059963,0.17301294207572937,1.1624213457107544,complete,1640,"[""1e-1"", ""1e+3""]","{""lambda_bc"": 1000.0, ""lambda_ic"": 0.1}","[0.1, 1000.0]"
point_021,21,0.07809983938932419,0.031164685264229774,0.46212777495384216,complete,951,0.0003792693605646491,0.0023880554363131523,0.07287183403968811,complete,1636,"[""1e+0"", ""1e-3""]","{""lambda_bc"": 0.001, ""lambda_ic"": 1.0}","[1.0, 0.001]"
point_022,22,0.07505232840776443,0.05191880837082863,0.41424596309661865,complete,960,0.0003672635939437896,0.0016060360940173268,0.0713868960738182,complete,1649,"[""1e+0"", ""1e-2""]","{""lambda_bc"": 0.01, ""lambda_ic"": 1.0}","[1.0, 0.01]"
point_023,23,0.08677193522453308,0.017485959455370903,0.38140439987182617,complete,966,0.00043843904859386384,0.0016020342009142041,0.07510504871606827,complete,1587,"[""1e+0"", ""1e-1""]","{""lambda_bc"": 0.1, ""lambda_ic"": 1.0}","[1.0, 0.1]"
point_024,24,0.05849664285778999,0.03045136108994484,0.3261573612689972,complete,987,0.0004100275691598654,0.0009582872153259814,0.07399776577949524,complete,1606,"[""1e+0"", ""1e+0""]","{""lambda_bc"": 1.0, ""lambda_ic"": 1.0}","[1.0, 1.0]"
point_025,25,0.07338914275169373,0.017104897648096085,0.21972675621509552,complete,951,0.00053835054859519,0.001470802933908999,0.0591781884431839,complete,1575,"[""1e+0"", ""1e+1""]","{""lambda_bc"": 10.0, ""lambda_ic"": 1.0}","[1.0, 10.0]"
point_026,26,0.3057554066181183,0.02409510686993599,0.6480148434638977,complete,946,0.00046851480146870017,0.0014730817638337612,0.05531696230173111,complete,1602,"[""1e+0"", ""1e+2""]","{""lambda_bc"": 100.0, ""lambda_ic"": 1.0}","[1.0, 100.0]"
point_027,27,0.6264223456382751,0.009054992347955704,0.9501765966415405,complete,978,0.002224104944616556,0.0007253705989569426,0.09119325876235962,complete,1583,"[""1e+0"", ""1e+3""]","{""lambda_bc"": 1000.0, ""lambda_ic"": 1.0}","[1.0, 1000.0]"
point_028,28,0.11706623435020447,0.013885685242712498,0.3160935044288635,complete,963,0.0005586188635788858,0.0011362364748492837,0.06486278772354126,complete,1602,"[""1e+1"", ""1e-3""]","{""lambda_bc"": 0.001, ""lambda_ic"": 10.0}","[10.0, 0.001]"
point_029,29,0.10726334899663925,0.009369619190692902,0.29245972633361816,complete,959,0.0005784901441074908,0.0012732427567243576,0.06558256596326828,complete,1579,"[""1e+1"", ""1e-2""]","{""lambda_bc"": 0.01, ""lambda_ic"": 10.0}","[10.0, 0.01]"
point_030,30,0.11699823290109634,0.007423010189086199,0.288271427154541,complete,960,0.0006955296266824007,0.0012519756564870477,0.0637504830956459,complete,1577,"[""1e+1"", ""1e-1""]","{""lambda_bc"": 0.1, ""lambda_ic"": 10.0}","[10.0, 0.1]"
point_031,31,0.13060037791728973,0.010585625655949116,0.24195903539657593,complete,971,0.0007530225557275116,0.0018561851466074586,0.09312157332897186,complete,1590,"[""1e+1"", ""1e+0""]","{""lambda_bc"": 1.0, ""lambda_ic"": 10.0}","[10.0, 1.0]"
point_032,32,0.1620921939611435,0.012898039072751999,0.24704065918922424,complete,992,0.0014165951870381832,0.0016935794847086072,0.07680957764387131,complete,1589,"[""1e+1"", ""1e+1""]","{""lambda_bc"": 10.0, ""lambda_ic"": 10.0}","[10.0, 10.0]"
point_033,33,0.6151843070983887,0.008667051792144775,0.7662273645401001,complete,970,0.0008931339252740145,0.001142659573815763,0.06991569697856903,complete,1579,"[""1e+1"", ""1e+2""]","{""lambda_bc"": 100.0, ""lambda_ic"": 10.0}","[10.0, 100.0]"
point_034,34,1.1301965713500977,0.004177224822342396,0.9429976940155029,complete,924,0.0017256508581340313,0.0008929042960517108,0.09098155796527863,complete,1610,"[""1e+1"", ""1e+3""]","{""lambda_bc"": 1000.0, ""lambda_ic"": 10.0}","[10.0, 1000.0]"
point_035,35,0.3397628366947174,0.023171279579401016,0.4298584759235382,complete,957,0.002781488234177232,0.0033874972723424435,0.1053624078631401,complete,1590,"[""1e+2"", ""1e-3""]","{""lambda_bc"": 0.001, ""lambda_ic"": 100.0}","[100.0, 0.001]"
point_036,36,0.30341416597366333,0.021820345893502235,0.455309122800827,complete,939,0.001865113154053688,0.004011159762740135,0.10011455416679382,complete,1664,"[""1e+2"", ""1e-2""]","{""lambda_bc"": 0.01, ""lambda_ic"": 100.0}","[100.0, 0.01]"
point_037,37,0.2851901650428772,0.02685336023569107,0.4209418296813965,complete,983,0.002426035003736615,0.0036288206465542316,0.10618860274553299,complete,1575,"[""1e+2"", ""1e-1""]","{""lambda_bc"": 0.1, ""lambda_ic"": 100.0}","[100.0, 0.1]"
point_038,38,0.4016444981098175,0.03105388954281807,0.4679800868034363,complete,924,0.002812342718243599,0.004069111775606871,0.0995185449719429,complete,1642,"[""1e+2"", ""1e+0""]","{""lambda_bc"": 1.0, ""lambda_ic"": 100.0}","[100.0, 1.0]"
point_039,39,0.5510304570198059,0.03815590217709541,0.5177932381629944,complete,956,0.003089527366682887,0.0005785024841316044,0.13475331664085388,complete,1611,"[""1e+2"", ""1e+1""]","{""lambda_bc"": 10.0, ""lambda_ic"": 100.0}","[100.0, 10.0]"
point_040,40,1.1533381938934326,0.03895603120326996,0.697726845741272,complete,952,0.004803577437996864,0.0006633169250562787,0.1328715980052948,complete,1589,"[""1e+2"", ""1e+2""]","{""lambda_bc"": 100.0, ""lambda_ic"": 100.0}","[100.0, 100.0]"
point_041,41,3.7261064052581787,0.016862815245985985,0.8774144649505615,complete,983,0.002050247974693775,0.0012078027939423919,0.09425219148397446,complete,1613,"[""1e+2"", ""1e+3""]","{""lambda_bc"": 1000.0, ""lambda_ic"": 100.0}","[100.0, 1000.0]"
point_042,42,1.5731480121612549,0.010289516299962997,0.7234690189361572,complete,983,0.041767001152038574,0.017538804560899734,0.21090124547481537,complete,1570,"[""1e+3"", ""1e-3""]","{""lambda_bc"": 0.001, ""lambda_ic"": 1000.0}","[1000.0, 0.001]"
point_043,43,1.946916103363037,0.010624546557664871,0.7291903495788574,complete,971,0.04022546112537384,0.017731821164488792,0.22157181799411774,complete,1593,"[""1e+3"", ""1e-2""]","{""lambda_bc"": 0.01, ""lambda_ic"": 1000.0}","[1000.0, 0.01]"
point_044,44,1.938598394393921,0.007596815936267376,0.7400357127189636,complete,838,0.023673683404922485,0.020462526008486748,0.23363956809043884,complete,1599,"[""1e+3"", ""1e-1""]","{""lambda_bc"": 0.1, ""lambda_ic"": 1000.0}","[1000.0, 0.1]"
point_045,45,2.419463872909546,0.012074308469891548,0.7107361555099487,complete,820,0.0280558280646801,0.024989953264594078,0.23987801373004913,complete,1547,"[""1e+3"", ""1e+0""]","{""lambda_bc"": 1.0, ""lambda_ic"": 1000.0}","[1000.0, 1.0]"
point_046,46,2.5341994762420654,0.00882722157984972,0.7436549663543701,complete,970,0.03315069526433945,0.019848164170980453,0.17252390086650848,complete,1528,"[""1e+3"", ""1e+1""]","{""lambda_bc"": 10.0, ""lambda_ic"": 1000.0}","[1000.0, 10.0]"
point_047,47,5.0837578773498535,0.025339249521493912,0.8513445258140564,complete,815,0.04327254369854927,0.0011436474742367864,0.30007487535476685,complete,1507,"[""1e+3"", ""1e+2""]","{""lambda_bc"": 100.0, ""lambda_ic"": 1000.0}","[1000.0, 100.0]"
point_048,48,10.604360580444336,0.11320056021213531,0.9871067404747009,complete,823,0.03829149156808853,0.006404069717973471,0.376494437456131,complete,1500,"[""1e+3"", ""1e+3""]","{""lambda_bc"": 1000.0, ""lambda_ic"": 1000.0}","[1000.0, 1000.0]"
