bc_weights,vanilla_L2_err,sinh_L2_err,geometric_mean,max_error,weight_sum
"[0.1, 0.1, 1.0]",0.9990652985784999,0.40351475737404907,0.6349311707238315,0.9990652985784999,1.2
"[0.1, 0.01, 1.0]",0.9990641197557301,0.4051793590028392,0.6362390742836866,0.9990641197557301,1.11
"[0.1, 0.001, 1.0]",0.9990597091534996,0.40539707774624734,0.6364085846253525,0.9990597091534996,1.101
"[0.1, 1.0, 1.0]",0.9990803040974813,0.4168721848485589,0.6453594263728389,0.9990803040974813,2.1
"[0.1, 1.0, 0.1]",0.9990864932047798,0.42379368834681896,0.6506969724324394,0.9990864932047798,1.2000000000000002
"[0.1, 1.0, 0.01]",0.9990892882617642,0.4252552971613385,0.6518190026153478,0.9990892882617642,1.11
"[0.1, 1.0, 0.001]",0.9991207164506509,0.425453168574569,0.6519808851511085,0.9991207164506509,1.101
"[0.1, 0.1, 0.1]",0.9990800041597717,0.42904123161711283,0.6547110167613942,0.9990800041597717,0.30000000000000004
"[0.1, 0.1, 0.01]",0.9990243620917258,0.4324645646651259,0.6572995023897807,0.9990243620917258,0.21000000000000002
"[0.1, 0.01, 0.1]",0.9990337716297073,0.43256220117649724,0.6573767924910372,0.9990337716297073,0.21000000000000002
"[0.1, 0.1, 0.001]",0.9990718607599527,0.43302225392535804,0.6577388151688147,0.9990718607599527,0.201
"[0.1, 0.001, 0.1]",0.9990293563676245,0.4331705542346655,0.657837441921988,0.9990293563676245,0.201
"[0.1, 0.01, 0.01]",0.9990364320035141,0.4363999434934566,0.6602873938477382,0.9990364320035141,0.12
"[0.1, 0.01, 0.001]",0.9990734733102102,0.4369123801572621,0.6606871946511048,0.9990734733102102,0.111
"[0.1, 0.001, 0.01]",0.9990668933622474,0.4369934782465525,0.6607463331198639,0.9990668933622474,0.111
"[0.1, 0.001, 0.001]",0.9990823494862935,0.43737106775922824,0.661036847667525,0.9990823494862935,0.10200000000000001
"[0.01, 1.0, 10.0]",0.98983283416981,0.45811839248580555,0.6733948520886852,0.98983283416981,11.01
"[0.1, 0.1, 10.0]",0.9990369534701968,0.4845351762015651,0.695750347669016,0.9990369534701968,10.2
"[0.1, 0.01, 10.0]",0.9990697990085691,0.48582300558149716,0.6966857918316156,0.9990697990085691,10.11
"[0.1, 0.001, 10.0]",0.9990639754358884,0.48602732770417817,0.6968302477552317,0.9990639754358884,10.101
"[0.1, 1.0, 10.0]",0.9990523763490294,0.4963809685347151,0.7042091920651419,0.9990523763490294,11.1
"[0.01, 1.0, 1.0]",0.989790338154991,0.5293096643901645,0.7238132298496939,0.989790338154991,2.01
"[0.01, 10.0, 0.001]",0.9946610733295397,0.559265696874315,0.7458416844943699,0.9946610733295397,10.011
"[0.01, 10.0, 0.01]",0.9946663765851359,0.5593558188598283,0.745903764280029,0.9946663765851359,10.02
"[0.01, 10.0, 0.1]",0.9946832100237055,0.5600015536910301,0.7463405007392111,0.9946832100237055,10.11
"[0.01, 10.0, 1.0]",0.9946716154139731,0.5660367747615116,0.7503470617892416,0.9946716154139731,11.01
"[0.01, 1.0, 100.0]",0.9914380337401777,0.5684822672055803,0.7507429261834299,0.9914380337401777,101.01
"[0.01, 1.0, 0.1]",0.9896354648892237,0.5967089217540473,0.768455796505963,0.9896354648892237,1.11
"[0.1, 1.0, 100.0]",0.9991305456497868,0.5944721944314396,0.7706849732516591,0.9991305456497868,101.1
"[0.1, 0.1, 100.0]",0.9991209291088246,0.5963270724733508,0.7718826715909094,0.9991209291088246,100.2
"[0.1, 0.01, 100.0]",0.9990842879002922,0.5977694935162027,0.7728014678804341,0.9990842879002922,100.11
"[0.1, 0.001, 100.0]",0.9990899481966538,0.5980009524642245,0.7729532590131383,0.9990899481966538,100.101
"[0.001, 1.0, 100.0]",0.984750730156645,0.6088974154635247,0.7743462884706042,0.984750730156645,101.001
"[0.01, 1.0, 0.01]",0.9895301141781807,0.6059757094483696,0.7743585816400883,0.9895301141781807,1.02
"[0.01, 1.0, 0.001]",0.9896711737764141,0.6069626564518641,0.7750441565802343,0.9896711737764141,1.011
"[0.1, 10.0, 0.001]",0.9992011895137828,0.6087690817486464,0.7799248621645939,0.9992011895137828,10.100999999999999
"[0.1, 10.0, 0.01]",0.9992553184594195,0.6090921722654226,0.7801529289621518,0.9992553184594195,10.11
"[0.1, 10.0, 0.1]",0.9991995786741888,0.6097854985508405,0.7805750529152402,0.9991995786741888,10.2
"[0.1, 10.0, 1.0]",0.9992363054787721,0.616371141659398,0.7847932354419664,0.9992363054787721,11.1
"[0.01, 0.1, 1.0]",0.9888348465974386,0.64117114527591,0.7962489378841321,0.9888348465974386,1.11
"[0.01, 10.0, 10.0]",0.9947719762363245,0.6374900631732887,0.7963399085653762,0.9947719762363245,20.009999999999998
"[0.001, 1.0, 10.0]",0.9161793696366575,0.7100646624775825,0.8065646873437848,0.9161793696366575,11.001
"[0.1, 10.0, 10.0]",0.9992086789637308,0.6643175683167288,0.8147342387859716,0.9992086789637308,20.1
"[0.001, 10.0, 10.0]",0.991252167453753,0.6840377400051253,0.8234402785874925,0.991252167453753,20.000999999999998
"[0.01, 0.1, 0.1]",0.9888378754482409,0.6870714761116345,0.8242586358172509,0.9888378754482409,0.21000000000000002
"[0.01, 0.1, 0.01]",0.9886631175366484,0.6939207457265333,0.8282836759186736,0.9886631175366484,0.12
"[0.01, 0.1, 0.001]",0.9886550105579359,0.6944688423141789,0.8286073259574056,0.9886550105579359,0.111
"[0.01, 0.1, 10.0]",0.9888570680883043,0.742377704419926,0.8567995332671545,0.9888570680883043,10.11
"[0.001, 10.0, 1.0]",0.9907476864694569,0.7777510446925512,0.8778126498167751,0.9907476864694569,11.001
"[0.001, 10.0, 100.0]",0.996154480641287,0.7757800664867827,0.8790886128388902,0.996154480641287,110.001
"[0.01, 0.01, 1.0]",0.9887184008744915,0.7964429726135065,0.8873882026881768,0.9887184008744915,1.02
"[0.1, 10.0, 100.0]",0.9992478154769237,0.7889502471553567,0.887894594526833,0.9992478154769237,110.1
"[0.001, 10.0, 0.1]",0.990641921489162,0.8022319233794286,0.8914732604271108,0.990641921489162,10.100999999999999
"[0.001, 10.0, 0.01]",0.9904980399347295,0.8046338870352219,0.8927420052699715,0.9904980399347295,10.011
"[0.001, 10.0, 0.001]",0.9905828998399754,0.804954928966713,0.8929583348490163,0.9905828998399754,10.001999999999999
"[0.01, 0.1, 100.0]",0.9908918601432615,0.8116492592089335,0.8968035706002961,0.9908918601432615,100.11
"[0.01, 0.001, 1.0]",0.9887251704290683,0.8206750198963249,0.900789680732341,0.9887251704290683,1.011
"[0.01, 10.0, 100.0]",0.9954892854361608,0.8281175921132874,0.907954949339432,0.9954892854361608,110.01
"[0.01, 0.01, 10.0]",0.9889457441052005,0.8400134809047947,0.9114426789062446,0.9889457441052005,10.02
"[0.01, 0.001, 10.0]",0.9889492002883212,0.8511448066462671,0.917463337612127,0.9889492002883212,10.011
"[0.001, 1.0, 1.0]",0.9125934972234564,0.9325064304797968,0.9224962355342811,0.9325064304797968,2.001
"[0.01, 0.01, 100.0]",0.9908247965068874,0.86481818799806,0.9256799150562968,0.9908247965068874,100.02
"[0.01, 0.001, 100.0]",0.9907099622355621,0.8699826417307249,0.9283859489106031,0.9907099622355621,100.011
"[0.01, 0.01, 0.1]",0.988553682433221,0.889585149350879,0.9377647227469789,0.988553682433221,0.12000000000000001
"[0.01, 0.01, 0.01]",0.9887127559129524,0.9042497917667148,0.9455386314960282,0.9887127559129524,0.03
"[0.01, 0.01, 0.001]",0.9887130337274108,0.9057553879167973,0.9463256085524498,0.9887130337274108,0.021
"[0.01, 0.001, 0.1]",0.9887055875073238,0.921816848845793,0.9546755831758921,0.9887055875073238,0.111
"[0.001, 1.0, 0.1]",0.9135912111015962,1.0099641910125279,0.96056983527299,1.0099641910125279,1.101
"[0.01, 0.001, 0.01]",0.9885173235771999,0.9364952107331044,0.9621547376886704,0.9885173235771999,0.020999999999999998
"[0.01, 0.001, 0.001]",0.9887138893385554,0.938698568894387,0.9633817067850652,0.9887138893385554,0.012
"[0.001, 1.0, 0.001]",0.9135006043823053,1.0199441048990143,0.9652562127546339,1.0199441048990143,1.0019999999999998
"[0.001, 1.0, 0.01]",0.914431224542082,1.0191347100139556,0.9653644911904524,1.0191347100139556,1.011
"[1.0, 0.001, 0.1]",0.999684289490866,0.9639790850727527,0.9816693673253789,0.999684289490866,1.101
"[1.0, 0.001, 0.01]",0.999699052526218,0.963972157290176,0.9816730883062057,0.999699052526218,1.011
"[1.0, 0.01, 0.001]",0.9996873048857348,0.9639991544586279,0.9816810666570243,0.9996873048857348,1.011
"[1.0, 0.001, 0.001]",0.9997214311347804,0.9639823465544417,0.981689264016914,0.9997214311347804,1.0019999999999998
"[1.0, 0.01, 0.1]",0.9997083255185748,0.964009774803387,0.9816967952235722,0.9997083255185748,1.11
"[1.0, 0.01, 0.01]",0.9997181252792586,0.964020460995324,0.9817070479512164,0.9997181252792586,1.02
"[1.0, 0.1, 0.1]",0.9996813707770373,0.9641092632226615,0.9817342154765055,0.9996813707770373,1.2000000000000002
"[1.0, 0.1, 0.01]",0.9996858550796732,0.9641067063552134,0.9817351155636428,0.9996858550796732,1.11
"[1.0, 0.01, 1.0]",0.9997165791652093,0.9641073654679679,0.9817505372311335,0.9997165791652093,2.01
"[1.0, 0.001, 1.0]",0.9997193327950207,0.96411086367876,0.9817536704170557,0.9997193327950207,2.001
"[1.0, 0.1, 0.001]",0.9997153489115085,0.9641369173369414,0.9817649793682633,0.9997153489115085,1.101
"[1.0, 0.1, 1.0]",0.9997219751989134,0.9642363265777172,0.9818188452890991,0.9997219751989134,2.1
"[1.0, 0.001, 10.0]",0.9997186896496177,0.9649328337219573,0.9821717711930066,0.9997186896496177,11.001
"[1.0, 0.01, 10.0]",0.9997149578692098,0.9649439505120215,0.9821755957222081,0.9997149578692098,11.01
"[1.0, 0.1, 10.0]",0.9997250144860097,0.9650921709847095,0.9822559669546544,0.9997250144860097,11.1
"[1.0, 1.0, 0.001]",0.9996848098672216,0.9656709534006445,0.9825307035633145,0.9996848098672216,2.001
"[1.0, 1.0, 1.0]",0.9996876741595574,0.9657312337602525,0.9825627770992684,0.9996876741595574,3.0
"[1.0, 1.0, 0.1]",0.9997189292907407,0.9657127180910587,0.9825687174607404,0.9997189292907407,2.1
"[1.0, 1.0, 0.01]",0.9997149220596087,0.9657183810621978,0.9825696291129329,0.9997149220596087,2.01
"[1.0, 1.0, 10.0]",0.9996871130527824,0.9663337723068764,0.9828689735070825,0.9996871130527824,12.0
"[1.0, 0.01, 100.0]",0.9996864743210916,0.9696847688767101,0.9845713523159308,0.9996864743210916,101.01
"[1.0, 0.001, 100.0]",0.9997256199957764,0.9696979155313926,0.9845973033749552,0.9997256199957764,101.001
"[1.0, 0.1, 100.0]",0.9996882048321847,0.9697757073924839,0.9846183707472932,0.9996882048321847,101.1
"[1.0, 1.0, 100.0]",0.9996920209777005,0.9708141513661543,0.9851472788233149,0.9996920209777005,102.0
"[1.0, 10.0, 0.1]",0.999712985396276,0.9741725134417604,0.986860127730296,0.999712985396276,11.1
"[1.0, 10.0, 0.001]",0.9997303854558374,0.9741843548515793,0.9868747137204477,0.9997303854558374,11.001
"[1.0, 10.0, 0.01]",0.9997261485636902,0.9741974221160062,0.9868792412208854,0.9997261485636902,11.01
"[1.0, 10.0, 1.0]",0.9997398469173437,0.9742235131239754,0.9868992176883311,0.9997398469173437,12.0
"[1.0, 10.0, 10.0]",0.9997728310460559,0.9745797042311315,0.9870958970531618,0.9997728310460559,21.0
"[1.0, 10.0, 100.0]",0.9997375102563084,0.9787980584762693,0.9892123806467316,0.9997375102563084,111.0
"[1.0, 0.001, 1000.0]",0.999755690277214,0.9920948172887435,0.9959178876187305,0.999755690277214,1001.001
"[1.0, 0.01, 1000.0]",0.9997545171898552,0.9920964405954622,0.9959181181067498,0.9997545171898552,1001.01
"[1.0, 0.1, 1000.0]",0.9997584357748349,0.9921078885322643,0.99592581589137,0.9997584357748349,1001.1
"[1.0, 1.0, 1000.0]",0.9997314806499954,0.9922055709877504,0.9959614172209473,0.9997314806499954,1002.0
"[1.0, 10.0, 1000.0]",0.9997837885539776,0.9931286612808244,0.9964506688727158,0.9997837885539776,1011.0
"[0.1, 1.0, 1000.0]",0.9995164297533575,0.9949443012310911,0.9972277451865994,0.9995164297533575,1001.1
"[0.1, 0.1, 1000.0]",0.999464114197615,0.9949966735775629,0.9972278922025659,0.999464114197615,1000.2
"[0.1, 0.01, 1000.0]",0.9994952799693391,0.9949868999358482,0.9972385422341064,0.9994952799693391,1000.11
"[0.1, 0.001, 1000.0]",0.9995054995295184,0.9949869465774167,0.9972436638375854,0.9995054995295184,1000.101
"[0.1, 10.0, 1000.0]",0.9995780450675319,0.995011357432519,0.9972920873457227,0.9995780450675319,1010.1
"[0.1, 100.0, 0.001]",0.9998254726080701,0.9955174495354702,0.9976691357716655,0.9998254726080701,100.101
"[0.1, 100.0, 0.01]",0.9998302617052951,0.9955128665886573,0.9976692287187803,0.9998302617052951,100.11
"[0.1, 100.0, 0.1]",0.9998257498411457,0.995518386916476,0.9976697437927109,0.9998257498411457,100.19999999999999
"[0.1, 100.0, 1.0]",0.9998240974239315,0.9955276621739769,0.9976735670015785,0.9998240974239315,101.1
"[0.1, 100.0, 10.0]",0.9998265368101076,0.9955932958045152,0.9977076711219521,0.9998265368101076,110.1
"[0.1, 100.0, 100.0]",0.999838067325061,0.9959889283205052,0.997911641964925,0.999838067325061,200.1
"[10.0, 10.0, 1000.0]",0.9997446572174519,0.9964596033404121,0.9981007787656506,0.9997446572174519,1020.0
"[10.0, 0.001, 1000.0]",0.999746042344059,0.9965471069373474,0.9981452931162049,0.999746042344059,1010.001
"[10.0, 1.0, 1000.0]",0.999780089465632,0.9965379025024278,0.9981576795876343,0.999780089465632,1011.0
"[10.0, 0.01, 1000.0]",0.9997719781978998,0.9965526685924972,0.9981610255149802,0.9997719781978998,1010.01
"[10.0, 0.1, 1000.0]",0.9997789056154016,0.9965503943453777,0.9981633446732147,0.9997789056154016,1010.1
"[10.0, 100.0, 1000.0]",0.9997642797000998,0.9965721606951072,0.9981669441563952,0.9997642797000998,1110.0
"[0.1, 100.0, 1000.0]",0.9999171700716865,0.9965172567177822,0.9982157658867371,0.9999171700716865,1100.1
"[10.0, 100.0, 100.0]",0.9997844051902223,0.9967120345390297,0.998247037860639,0.9997844051902223,210.0
"[0.01, 0.01, 1000.0]",0.9981940488575034,0.9983352446129301,0.9982646442388545,0.9983352446129301,1000.02
"[0.01, 0.001, 1000.0]",0.9981943481037566,0.9983358762821055,0.9982651096848015,0.9983358762821055,1000.011
"[0.01, 0.1, 1000.0]",0.998201304000598,0.998345688009144,0.9982734933945215,0.998345688009144,1000.11
"[10.0, 100.0, 10.0]",0.9997580626107715,0.9968271638156863,0.9982915376052031,0.9997580626107715,120.0
"[10.0, 100.0, 1.0]",0.9997592727214514,0.9968334425119005,0.9982952857296875,0.9997592727214514,111.0
"[10.0, 100.0, 0.01]",0.9997608074634899,0.996835778019167,0.9982972214430623,0.9997608074634899,110.01
"[10.0, 100.0, 0.1]",0.9997906488192696,0.9968401864008654,0.9983143276197346,0.9997906488192696,110.1
"[10.0, 100.0, 0.001]",0.9998137520962508,0.9968409782578026,0.9983262586525663,0.9998137520962508,110.001
"[0.01, 1.0, 1000.0]",0.9982676686275868,0.9984706323440564,0.9983691453281264,0.9984706323440564,1001.01
"[100.0, 1000.0, 1000.0]",0.9998286468022793,0.9978383086770004,0.9988329819804713,0.9998286468022793,2100.0
"[100.0, 1000.0, 10.0]",0.9997647513348381,0.9979808195775766,0.9988723872056499,0.9997647513348381,1110.0
"[100.0, 1000.0, 0.001]",0.999764504913249,0.9979846739824709,0.9988741930268773,0.999764504913249,1100.001
"[100.0, 1000.0, 100.0]",0.9997908790414959,0.9979592097401834,0.9988746245418864,0.9997908790414959,1200.0
"[100.0, 1000.0, 0.01]",0.9997911638633092,0.9979877346728054,0.9988890422713784,0.9997911638633092,1100.01
"[100.0, 1000.0, 1.0]",0.9997916088344255,0.9979883168677196,0.9988895559165376,0.9997916088344255,1101.0
"[100.0, 1000.0, 0.1]",0.9998000836945069,0.9979893670943116,0.9988943151040157,0.9998000836945069,1100.1
"[0.01, 10.0, 1000.0]",0.9987731835205602,0.999290527498193,0.9990318220213559,0.999290527498193,1010.01
"[0.01, 100.0, 0.1]",1.0000196062758442,0.9982109134954466,0.9991148506022555,1.0000196062758442,100.11
"[0.01, 100.0, 0.001]",1.0000416655684823,0.9982093514035448,0.9991250884467047,1.0000416655684823,100.01100000000001
"[0.01, 100.0, 0.01]",1.0000470060553313,0.9982092225001197,0.9991276917281717,1.0000470060553313,100.02000000000001
"[0.01, 100.0, 1.0]",1.0000406019862966,0.9982222270379265,0.9991310008417864,1.0000406019862966,101.01
"[0.01, 100.0, 10.0]",1.000052970068699,0.998213787598067,0.9991329556425274,1.000052970068699,110.01
"[1.0, 100.0, 1000.0]",0.9999090911871243,0.9984275240842322,0.9991680330271157,0.9999090911871243,1101.0
"[1.0, 100.0, 100.0]",0.9998842973769618,0.9988054028897982,0.9993447045363173,0.9998842973769618,201.0
"[0.01, 100.0, 100.0]",1.000056390856024,0.9987147600225971,0.9993853503042951,1.000056390856024,200.01
"[1.0, 100.0, 0.01]",0.9998513193936057,0.9992317429321002,0.9995414831564684,0.9998513193936057,101.01
"[1.0, 100.0, 1.0]",0.9998517426583912,0.9992336547245366,0.999542650915528,0.9998517426583912,102.0
"[1.0, 100.0, 10.0]",0.9998781742439962,0.9992137977098696,0.9995459307773477,0.9998781742439962,111.0
"[1.0, 100.0, 0.1]",0.9998690497033323,0.999232940703984,0.999550944601604,0.9998690497033323,101.1
"[1.0, 100.0, 0.001]",0.9998787947923705,0.9992319739644024,0.9995553320579748,0.9998787947923705,101.001
"[10.0, 10.0, 100.0]",0.9997777722056983,0.9994591738547909,0.9996184603372882,0.9997777722056983,120.0
"[10.0, 10.0, 10.0]",0.9997482372883194,0.9999287913132915,0.9998385102251778,0.9999287913132915,30.0
"[10.0, 10.0, 1.0]",0.9997541535389058,0.9999836457109156,0.9998688930407154,0.9999836457109156,21.0
"[10.0, 10.0, 0.1]",0.9997555082346636,0.9999942106667064,0.9998748523274372,0.9999942106667064,20.1
"[10.0, 10.0, 0.001]",0.9997729491403676,0.999998657865737,0.9998857971342714,0.999998657865737,20.001
"[10.0, 10.0, 0.01]",0.9997953869802974,1.0000023524852204,0.9998988643778773,1.0000023524852204,20.01
"[10.0, 1.0, 100.0]",0.9997776396312074,1.0000404818204611,0.9999090520892968,1.0000404818204611,111.0
"[10.0, 0.001, 100.0]",0.9997455302673601,1.000121603451696,0.9999335491794734,1.000121603451696,110.001
"[10.0, 0.1, 100.0]",0.9997709347320523,1.0001256458020689,0.9999482745387542,1.0001256458020689,110.1
"[10.0, 0.01, 100.0]",0.9997706454901794,1.0001275522501518,0.9999490829465505,1.0001275522501518,110.01
"[1.0, 1000.0, 1000.0]",1.000256928424011,0.9998037449003546,1.000030310991048,1.000256928424011,2001.0
"[1.0, 1000.0, 100.0]",1.0002522532964113,0.9999150896770214,1.0000836572779919,1.0002522532964113,1101.0
"[1.0, 1000.0, 10.0]",1.0002517363720596,0.9999784381013781,1.0001150779013002,1.0002517363720596,1011.0
"[1.0, 1000.0, 1.0]",1.0002518559549762,0.9999925318453329,1.0001221854950573,1.0002518559549762,1002.0
"[1.0, 1000.0, 0.1]",1.0002519956091391,0.9999925375660567,1.0001222581738172,1.0002519956091391,1001.1
"[1.0, 1000.0, 0.01]",1.0002520064033618,0.9999929597535007,1.0001224746913127,1.0002520064033618,1001.01
"[1.0, 1000.0, 0.001]",1.0002513912385766,0.9999941929785627,1.0001227838407167,1.0002513912385766,1001.001
"[10.0, 1.0, 10.0]",0.999771308734987,1.0005549397889986,1.0001630475148056,1.0005549397889986,21.0
"[10.0, 1.0, 1.0]",0.9997422300198848,1.0006338326250974,1.0001879319717666,1.0006338326250974,12.0
"[10.0, 1.0, 0.1]",0.9997382870920035,1.0006421675133228,1.0001901251971042,1.0006421675133228,11.1
"[10.0, 0.01, 10.0]",0.9997404210824673,1.0006583036501195,1.0001992570737284,1.0006583036501195,20.009999999999998
"[10.0, 1.0, 0.01]",0.9997535100428231,1.0006510077454411,1.0002021582267222,1.0006510077454411,11.01
"[10.0, 0.1, 10.0]",0.999767093402262,1.0006404743066715,1.0002036885246133,1.0006404743066715,20.1
"[10.0, 1.0, 0.001]",0.9997731932854028,1.000654365228499,1.0002136822196916,1.000654365228499,11.001
"[10.0, 0.001, 10.0]",0.9997781438179552,1.0006593315936196,1.000218640665522,1.0006593315936196,20.000999999999998
"[10.0, 0.001, 1.0]",0.999741494012627,1.0007081810707235,1.0002247207574424,1.0007081810707235,11.001
"[10.0, 0.1, 0.1]",0.99974466988773,1.0007053411242846,1.0002248901707986,1.0007053411242846,10.2
"[10.0, 0.1, 0.001]",0.9997451349490134,1.0007063985344886,1.0002256512643553,1.0007063985344886,10.100999999999999
"[10.0, 0.1, 1.0]",0.9997463683450265,1.00070716797481,1.0002266527940817,1.00070716797481,11.1
"[10.0, 0.001, 0.001]",0.9997449753723998,1.0007161671543054,1.0002304533888395,1.0007161671543054,10.001999999999999
"[10.0, 0.1, 0.01]",0.9997739239510459,1.0007212773490206,1.0002474884929895,1.0007212773490206,10.11
"[10.0, 0.01, 0.1]",0.9997715102963092,1.0007237396145783,1.0002475116409124,1.0007237396145783,10.11
"[10.0, 0.01, 1.0]",0.9997785418075242,1.0007188947605679,1.0002486077785653,1.0007188947605679,11.01
"[10.0, 0.001, 0.1]",0.9997731267515705,1.0007263214175688,1.000249610540409,1.0007263214175688,10.100999999999999
"[10.0, 0.01, 0.01]",0.9997736881394625,1.0007272231887252,1.0002503420389093,1.0007272231887252,10.02
"[10.0, 0.01, 0.001]",0.9997880590016522,1.0007307193770119,1.0002592781420574,1.0007307193770119,10.011
"[10.0, 0.001, 0.01]",0.9997929976557484,1.000729991671308,1.000261384947489,1.000729991671308,10.011
"[100.0, 100.0, 1000.0]",0.9997493546801303,1.0011078832019253,1.000428388339873,1.0011078832019253,1200.0
"[100.0, 100.0, 100.0]",0.9997557464679621,1.0016715516667938,1.0007131906057585,1.0016715516667938,300.0
"[100.0, 100.0, 10.0]",0.9997515578311513,1.0017331961786922,1.0007418865076179,1.0017331961786922,210.0
"[100.0, 100.0, 0.01]",0.9997519882728207,1.0017358994440044,1.0007434522360892,1.0017358994440044,200.01
"[100.0, 100.0, 1.0]",0.9997779709278334,1.0017442136482346,1.0007606093916417,1.0017442136482346,201.0
"[100.0, 100.0, 0.001]",0.999776891374118,1.0017485483870585,1.0007622343218936,1.0017485483870585,200.001
"[100.0, 100.0, 0.1]",0.9997860316410573,1.0017488427853525,1.0007669560039385,1.0017488427853525,200.1
"[100.0, 10.0, 1000.0]",0.9997496422841678,1.0017888088720128,1.000768706202426,1.0017888088720128,1110.0
"[1000.0, 1000.0, 1000.0]",0.999749229776669,1.001828451224836,1.0007883005313278,1.001828451224836,3000.0
"[1000.0, 1000.0, 10.0]",0.9997481282431389,1.0018868348679555,1.0008169102641509,1.0018868348679555,2010.0
"[100.0, 0.1, 1000.0]",0.999754500882526,1.0018821472774944,1.000817758682631,1.0018821472774944,1100.1
"[1000.0, 1000.0, 100.0]",0.9997507603559856,1.0018868140254522,1.0008182173165023,1.0018868140254522,2100.0
"[100.0, 0.01, 1000.0]",0.9997692918495216,1.001872718828998,1.00082045274216,1.001872718828998,1100.01
"[100.0, 1.0, 1000.0]",0.9997795510064508,1.0018677714728832,1.0008231166050237,1.0018677714728832,1101.0
"[1000.0, 1000.0, 1.0]",0.9997523753982923,1.001895798523932,1.0008235131509802,1.001895798523932,2001.0
"[100.0, 0.001, 1000.0]",0.9997735812012583,1.0018749832630296,1.0008237307002816,1.0018749832630296,1100.001
"[1000.0, 1000.0, 0.1]",0.9997779602522074,1.0018937088326598,1.0008352754605703,1.0018937088326598,2000.1
"[1000.0, 1000.0, 0.001]",0.9997806994256838,1.0019015842525252,1.0008405800424414,1.0019015842525252,2000.001
"[1000.0, 1000.0, 0.01]",0.9997865485033826,1.001905539266075,1.0008454830937936,1.001905539266075,2000.01
"[0.1, 1000.0, 0.01]",1.0004778681973194,1.0013531190672322,1.0009153979618464,1.0013531190672322,1000.11
"[0.1, 1000.0, 0.1]",1.000494131534938,1.0013533693693786,1.0009236582511178,1.0013533693693786,1000.2
"[0.1, 1000.0, 10.0]",1.000506924126069,1.001352950990154,1.00092984817105,1.001352950990154,1010.1
"[0.1, 1000.0, 0.001]",1.0005131917461967,1.0013534297573146,1.0009332225840502,1.0013534297573146,1000.101
"[0.1, 1000.0, 1.0]",1.00053250835317,1.0013553084559865,1.0009438238593764,1.0013553084559865,1001.1
"[0.1, 1000.0, 100.0]",1.000476771103725,1.0014145438254751,1.0009455476412397,1.0014145438254751,1100.1
"[100.0, 10.0, 100.0]",0.999751340043015,1.0023662626498342,1.00105794752256,1.0023662626498342,210.0
"[0.1, 1000.0, 1000.0]",1.0004838568772474,1.0016581615425204,1.0010708370203547,1.0016581615425204,2000.1
"[100.0, 10.0, 10.0]",0.9997788256461533,1.002414391607046,1.0010957413013482,1.002414391607046,120.0
"[100.0, 0.1, 100.0]",0.9997477773501544,1.002446187728133,1.0010960733587644,1.002446187728133,200.1
"[100.0, 10.0, 0.1]",0.9997761236876065,1.0024211947311945,1.0010977856186942,1.0024211947311945,110.1
"[100.0, 10.0, 0.01]",0.9997740583273376,1.0024236387060101,1.0010979719449862,1.0024236387060101,110.01
"[100.0, 0.001, 100.0]",0.9997513587946166,1.002446716093868,1.0010981303219209,1.002446716093868,200.001
"[100.0, 10.0, 0.001]",0.9997803952329193,1.0024257927005789,1.0011022201642832,1.0024257927005789,110.001
"[100.0, 10.0, 1.0]",0.9998018850468193,1.0024302907877454,1.001115225315058,1.0024302907877454,111.0
"[100.0, 1.0, 100.0]",0.999782240181962,1.0024503347840525,1.001115398633723,1.0024503347840525,201.0
"[100.0, 0.01, 100.0]",0.9997799470305819,1.002459238292076,1.001118696339235,1.002459238292076,200.01
"[100.0, 0.01, 10.0]",0.9997461629813599,1.002509688179237,1.0011269720214473,1.002509688179237,110.01
"[100.0, 1.0, 0.1]",0.9997491035942427,1.002508030334097,1.0011276165766996,1.002508030334097,101.1
"[100.0, 1.0, 0.01]",0.999752918658353,1.002514060795771,1.001132537817351,1.002514060795771,101.01
"[100.0, 0.01, 1.0]",0.9997489147959465,1.0025210408067469,1.0011340183045665,1.0025210408067469,101.01
"[100.0, 0.1, 0.01]",0.9997484887780569,1.0025216647826518,1.001134116556677,1.0025216647826518,100.11
"[100.0, 0.01, 0.001]",0.9997515102153647,1.0025218608943813,1.001135727288301,1.0025218608943813,100.01100000000001
"[100.0, 0.001, 1.0]",0.9997514743823237,1.0025256677139591,1.001137610123181,1.0025256677139591,101.001
"[100.0, 0.001, 0.01]",0.9997542300213553,1.002523097939745,1.001137706741372,1.002523097939745,100.01100000000001
"[100.0, 1.0, 10.0]",0.9997837542406092,1.0025019422809718,1.001141925746381,1.0025019422809718,111.0
"[100.0, 0.001, 0.001]",0.9997546252354883,1.0025312168748748,1.001141958472233,1.0025312168748748,100.00200000000001
"[100.0, 0.1, 10.0]",0.9997763328212015,1.0025108934192057,1.001142679459806,1.0025108934192057,110.1
"[100.0, 1.0, 1.0]",0.9997758597314621,1.0025138743414173,1.0011439310171186,1.0025138743414173,102.0
"[100.0, 0.001, 0.1]",0.9997657828815454,1.0025262858977317,1.0011450829324757,1.0025262858977317,100.101
"[100.0, 1.0, 0.001]",0.9997854735340267,1.0025173487529522,1.0011504793231871,1.0025173487529522,101.001
"[100.0, 0.1, 0.001]",0.9997809916676978,1.0025284644232635,1.0011537855575359,1.0025284644232635,100.101
"[100.0, 0.001, 10.0]",0.9997858835456782,1.0025290312021078,1.0011565178535233,1.0025290312021078,110.001
"[100.0, 0.01, 0.1]",0.9997850995642613,1.0025313655345158,1.0011572908925055,1.0025313655345158,100.11
"[100.0, 0.1, 1.0]",0.9997843729698404,1.00253339987248,1.001157942870569,1.00253339987248,101.1
"[100.0, 0.1, 0.1]",0.9997865362814078,1.0025314391517113,1.001158046994931,1.0025314391517113,100.19999999999999
"[100.0, 0.01, 0.01]",0.9997846195284792,1.0025351886265979,1.0011589594689523,1.0025351886265979,100.02000000000001
"[1000.0, 100.0, 1000.0]",0.9997789196161369,1.002549382316052,1.0011631926483153,1.002549382316052,2100.0
"[1000.0, 100.0, 10.0]",0.9997454069983065,1.00260390791948,1.001173637278296,1.00260390791948,1110.0
"[1000.0, 100.0, 1.0]",0.9997509069801048,1.0026058439950118,1.0011773578530263,1.0026058439950118,1101.0
"[1000.0, 100.0, 0.01]",0.9997546109500056,1.0026044992911844,1.0011785410832492,1.0026044992911844,1100.01
"[1000.0, 100.0, 0.1]",0.999753802252137,1.002605465046012,1.0011786183486553,1.002605465046012,1100.1
"[1000.0, 10.0, 1000.0]",0.9997469858676795,1.0026144784614524,1.0011797055619598,1.0026144784614524,2010.0
"[1000.0, 1.0, 1000.0]",0.9997494301100084,1.0026194983919485,1.0011834358071117,1.0026194983919485,2001.0
"[1000.0, 0.1, 1000.0]",0.9997490495513948,1.002623992173849,1.0011854889246201,1.002623992173849,2000.1
"[1000.0, 100.0, 100.0]",0.9997761372688991,1.0026110985861216,1.0011926144990084,1.0026110985861216,1200.0
"[1000.0, 100.0, 0.001]",0.9997826673116306,1.002615401519274,1.0011980325683134,1.002615401519274,1100.001
"[1000.0, 0.01, 1000.0]",0.9997834482410685,1.0026341860638033,1.0012078025401352,1.0026341860638033,2000.01
"[1000.0, 10.0, 100.0]",0.9997535030038524,1.0026702647757775,1.0012108217390498,1.0026702647757775,1110.0
"[1000.0, 0.1, 100.0]",0.9997439809148934,1.002681255025704,1.0012115408284799,1.002681255025704,1100.1
"[1000.0, 10.0, 0.1]",0.9997497955117175,1.002682224180178,1.0012149362586273,1.002682224180178,1010.1
"[1000.0, 10.0, 0.001]",0.9997529562565288,1.0026808306969304,1.00121582322245,1.0026808306969304,1010.001
"[1000.0, 1.0, 100.0]",0.9997535560654978,1.0026858285130926,1.0012186188203076,1.0026858285130926,1101.0
"[1000.0, 1.0, 10.0]",0.999753105454439,1.0026913422194184,1.0012211459992957,1.0026913422194184,1011.0
"[1000.0, 1.0, 0.001]",0.9997485495695069,1.0026973582148984,1.0012218682852072,1.0026973582148984,1001.001
"[1000.0, 0.01, 0.01]",0.9997535338499857,1.0026953709554625,1.00122337192444,1.0026953709554625,1000.02
"[1000.0, 0.001, 1.0]",0.9997531863890078,1.0026958235778018,1.001223423917388,1.0026958235778018,1001.001
"[1000.0, 1.0, 0.01]",0.9997524572010803,1.002697956547953,1.0012241237052362,1.002697956547953,1001.01
"[1000.0, 0.001, 0.001]",0.9997534439055477,1.0026976536480143,1.0012244665561336,1.0026976536480143,1000.002
"[1000.0, 0.1, 0.1]",0.9997524519607323,1.0026995489243804,1.0012249160988103,1.0026995489243804,1000.2
"[1000.0, 0.01, 1.0]",0.9997539398937015,1.002699298403967,1.0012255360846607,1.002699298403967,1001.01
"[1000.0, 0.1, 0.001]",0.9997610716567691,1.0026948709141834,1.0012268967071898,1.0026948709141834,1000.101
"[1000.0, 0.01, 10.0]",0.9997513134886412,1.0027116912471137,1.0012304082351469,1.0027116912471137,1010.01
"[1000.0, 10.0, 1.0]",0.9997776370857389,1.0026864878935822,1.0012310061139955,1.0026864878935822,1011.0
"[1000.0, 10.0, 0.01]",0.9997809206062928,1.00268669276293,1.0012327525456812,1.00268669276293,1010.01
"[1000.0, 0.001, 1000.0]",0.9998248079880206,1.0026484877316177,1.0012356524443904,1.0026484877316177,2000.001
"[1000.0, 0.001, 100.0]",0.9997854912953699,1.0026897959706933,1.001236590562597,1.0026897959706933,1100.001
"[1000.0, 10.0, 10.0]",0.9997831727507335,1.0026929850368376,1.0012370218260176,1.0026929850368376,1020.0
"[1000.0, 1.0, 1.0]",0.9997696583514358,1.0027092826677149,1.0012383916722902,1.0027092826677149,1002.0
"[1000.0, 0.01, 0.001]",0.9997742606857114,1.0027081581197843,1.0012401347667497,1.0027081581197843,1000.011
"[1000.0, 0.001, 0.01]",0.9997770040410949,1.002705942911761,1.001240402470117,1.002705942911761,1000.011
"[1000.0, 0.1, 10.0]",0.9997833655566704,1.002701558155026,1.0012413986952144,1.002701558155026,1010.1
"[1000.0, 0.001, 0.1]",0.9997799836658731,1.0027058498020742,1.0012418479751999,1.0027058498020742,1000.101
"[1000.0, 0.01, 0.1]",0.99978316747744,1.00270349219131,1.0012422651205444,1.00270349219131,1000.11
"[1000.0, 0.001, 10.0]",0.9997813208538029,1.0027054979021086,1.0012423418533298,1.0027054979021086,1010.001
"[1000.0, 0.01, 100.0]",0.9997965674534945,1.002690328160308,1.0012424023749162,1.002690328160308,1100.01
"[1000.0, 0.1, 0.01]",0.9997872509510047,1.0027067318235456,1.0012459272925553,1.0027067318235456,1000.11
"[1000.0, 0.1, 1.0]",0.9997776799781493,1.0027240771557637,1.0012497947650327,1.0027240771557637,1001.1
"[1000.0, 1.0, 0.1]",0.999806722511877,1.0027096154476391,1.0012571169544058,1.0027096154476391,1001.1
"[10.0, 1000.0, 1000.0]",0.9999369092133449,1.0025805379429054,1.0012578510793717,1.0025805379429054,2010.0
"[10.0, 1000.0, 100.0]",0.9999083529176565,1.0028765475602288,1.001391350497244,1.0028765475602288,1110.0
"[10.0, 1000.0, 0.001]",0.9999101374304957,1.0029125486164079,1.0014102178017763,1.0029125486164079,1010.001
"[10.0, 1000.0, 0.01]",0.999911416491538,1.0029131771911428,1.0014111721082526,1.0029131771911428,1010.01
"[10.0, 1000.0, 0.1]",0.9999138912014981,1.0029121535429932,1.0014119002600521,1.0029121535429932,1010.1
"[10.0, 1000.0, 10.0]",0.9999375585654092,1.0029037789832345,1.0014195705260198,1.0029037789832345,1020.0
"[10.0, 1000.0, 1.0]",0.9999413963975831,1.0029094755889407,1.0014243363733344,1.0029094755889407,1011.0
"[0.01, 100.0, 1000.0]",1.0001666503457929,1.003375304927893,1.0017696929780913,1.003375304927893,1100.01
"[0.01, 1000.0, 0.001]",1.000016225033399,1.0139076652758028,1.0069379901272648,1.0139076652758028,1000.011
"[0.01, 1000.0, 0.01]",1.0000188547432975,1.013907440853327,1.0069392026422705,1.013907440853327,1000.02
"[0.01, 1000.0, 1.0]",1.0000174227031797,1.0139090853239094,1.0069392982503733,1.0139090853239094,1001.01
"[0.01, 1000.0, 10.0]",1.0000297656461699,1.0139036617470516,1.0069428192527605,1.0139036617470516,1010.01
"[0.01, 1000.0, 0.1]",1.00002846390777,1.0139086275385372,1.0069446297290623,1.0139086275385372,1000.11
"[0.01, 1000.0, 100.0]",1.0000283688158704,1.013950834270021,1.006965540053154,1.013950834270021,1100.01
"[0.01, 1000.0, 1000.0]",1.0000276589116759,1.0147228172914815,1.0073484419108716,1.0147228172914815,2000.01
"[0.001, 100.0, 100.0]",0.9995541866452926,1.0154356472441894,1.0074636233987817,1.0154356472441894,200.001
"[0.001, 100.0, 10.0]",0.9995459722978228,1.0155676595647185,1.007524969275621,1.0155676595647185,110.001
"[0.001, 100.0, 0.001]",0.9995440662645148,1.0155908741042983,1.0075355239212875,1.0155908741042983,100.00200000000001
"[0.001, 100.0, 0.01]",0.9995442981078742,1.0155909605126126,1.0075356836312455,1.0155909605126126,100.01100000000001
"[0.001, 100.0, 1.0]",0.9995439987086536,1.0155945331679264,1.00753730489214,1.0155945331679264,101.001
"[0.001, 100.0, 0.1]",0.9995519693867488,1.015591012618337,1.0075395757756322,1.015591012618337,100.101
"[0.001, 100.0, 1000.0]",0.9996711239600268,1.0189739840131131,1.0092764080688774,1.0189739840131131,1100.001
"[0.001, 10.0, 1000.0]",1.0031513778444825,1.0213557428466276,1.0122126361125756,1.0213557428466276,1010.001
"[0.001, 1000.0, 10.0]",1.0067886462207938,1.0194514775272465,1.0131002778340574,1.0194514775272465,1010.001
"[0.001, 1000.0, 0.001]",1.0068006264508143,1.01944368535952,1.0131024336419745,1.01944368535952,1000.002
"[0.001, 1000.0, 0.01]",1.0069524575486066,1.0194438728033215,1.0131789146306656,1.0194438728033215,1000.011
"[0.001, 1000.0, 1.0]",1.0069699394985827,1.0194345626542132,1.0131830830993365,1.0194345626542132,1001.001
"[0.001, 1000.0, 0.1]",1.006996699869651,1.0194432922058168,1.0132008838110582,1.0194432922058168,1000.101
"[0.001, 1000.0, 100.0]",1.0069842164062832,1.019550807408615,1.0132480302891083,1.019550807408615,1100.001
"[0.001, 1000.0, 1000.0]",1.0068080508316357,1.0199864780601282,1.0133758423459396,1.0199864780601282,2000.001
"[0.001, 1.0, 1000.0]",1.0098868403549275,1.0238072398648137,1.0168232189518374,1.0238072398648137,1001.001
"[0.001, 0.1, 1000.0]",1.0112030222076893,1.02406379334617,1.0176130908970844,1.02406379334617,1000.101
"[0.001, 0.01, 1000.0]",1.0113896382926455,1.0240251711152184,1.017687794668279,1.0240251711152184,1000.011
"[0.001, 0.001, 1000.0]",1.0114050228261624,1.024027839484433,1.0176968607440915,1.024027839484433,1000.002
"[0.001, 0.1, 1.0]",0.9354015168868671,1.1459947914912754,1.0353575548115674,1.1459947914912754,1.101
"[0.001, 0.1, 0.1]",0.936960646817133,1.2119467553406558,1.0656202024135553,1.2119467553406558,0.201
"[0.001, 0.1, 0.01]",0.937145616126888,1.2232575052485453,1.0706868862734744,1.2232575052485453,0.111
"[0.001, 0.1, 0.001]",0.9370518360932464,1.2252344988974502,1.0714981273136432,1.2252344988974502,0.10200000000000001
"[0.001, 0.1, 100.0]",0.9831616961398303,1.1838307210518666,1.0788405904728424,1.1838307210518666,100.101
"[0.001, 0.1, 10.0]",0.9239288221600314,1.3292015714229832,1.1081911578324832,1.3292015714229832,10.101
"[0.001, 0.01, 100.0]",0.9832851124067988,1.3013088016743974,1.1311753053043399,1.3013088016743974,100.011
"[0.001, 0.001, 100.0]",0.9839592439003404,1.3149524210032415,1.1374794898965306,1.3149524210032415,100.002
"[0.001, 0.01, 10.0]",0.9292473678351709,1.5369906733322696,1.1950918531984136,1.5369906733322696,10.011
"[0.001, 0.01, 1.0]",0.9437849414320776,1.527627136726522,1.2007295647919614,1.527627136726522,1.011
"[0.001, 0.001, 10.0]",0.9297057727277239,1.5610361823663759,1.2047009380683937,1.5610361823663759,10.002
"[0.001, 0.001, 1.0]",0.9439938492353024,1.5843923883158972,1.222970428647168,1.5843923883158972,1.002
"[0.001, 0.01, 0.1]",0.9455291844732138,1.7102668512945032,1.2716553075169634,1.7102668512945032,0.111
"[0.001, 0.01, 0.01]",0.9451933239804544,1.734832899336714,1.280528201436703,1.734832899336714,0.020999999999999998
"[0.001, 0.01, 0.001]",0.9457736787061445,1.737100833897019,1.281758263464018,1.737100833897019,0.012
"[0.001, 0.001, 0.1]",0.9466442360892465,1.7815230377578,1.2986410262861814,1.7815230377578,0.10200000000000001
"[0.001, 0.001, 0.01]",0.9466036974981978,1.8081791476302038,1.30829242407265,1.8081791476302038,0.012
"[0.001, 0.001, 0.001]",0.9458912648277239,1.8115164794407597,1.3090063460482098,1.8115164794407597,0.003
