candidate_id,candidate_index,real_tanh_autodiff_divergence_rms,real_tanh_autodiff_energy_relative_rmse,real_tanh_autodiff_loss,real_tanh_autodiff_pressure_mean_max_abs,real_tanh_autodiff_pressure_rel_error,real_tanh_autodiff_rel_error,real_tanh_autodiff_status,real_tanh_autodiff_steps,real_tanh_autodiff_velocity_rel_error,war_divergence_rms,war_energy_relative_rmse,war_loss,war_pressure_mean_max_abs,war_pressure_rel_error,war_rel_error,war_status,war_steps,war_velocity_rel_error,weight_labels,weight_map,weights
point_000,0,0.0014114966616034508,0.9963992834091187,0.0002621615130919963,0.0004641456180252135,1.0000919103622437,1.0013498067855835,complete,279,1.0013498067855835,0.00047784182243049145,0.9995942115783691,0.0002497079549357295,0.000204135401872918,1.0000336170196533,0.9998825192451477,complete,1129,0.9998825192451477,"[""1e-3"", ""1e-3""]","{""lambda_bc"": 0.001, ""lambda_ic"": 0.001}","[0.001, 0.001]"
point_001,1,0.0015803786227479577,0.9992347359657288,0.0002670551184564829,0.00043564720544964075,1.0000927448272705,0.9999101161956787,complete,281,0.9999101161956787,0.0004776042769663036,0.9996352195739746,0.00024425360606983304,0.0002510904159862548,1.00003182888031,0.999918520450592,complete,1120,0.999918520450592,"[""1e-3"", ""1e-2""]","{""lambda_bc"": 0.01, ""lambda_ic"": 0.001}","[0.001, 0.01]"
point_002,2,0.001706042094156146,0.9999731779098511,0.0002612122625578195,0.0004814517160411924,1.000084638595581,0.9996194243431091,complete,275,0.9996194243431091,0.00044881284702569246,0.9996514320373535,0.0002486445882823318,0.0001703557645669207,1.000026822090149,0.9999158978462219,complete,1100,0.9999158978462219,"[""1e-3"", ""1e-1""]","{""lambda_bc"": 0.1, ""lambda_ic"": 0.001}","[0.001, 0.1]"
point_003,3,0.0013017674209550023,0.9997662305831909,0.0002533227961976081,0.0008150895009748638,1.000047206878662,0.9996672868728638,complete,278,0.9996672868728638,0.00042540591675788164,0.9999760389328003,0.0002531173813622445,0.00015071779489517212,1.0000121593475342,0.9997485876083374,complete,1102,0.9997485876083374,"[""1e-3"", ""1e+0""]","{""lambda_bc"": 1.0, ""lambda_ic"": 0.001}","[0.001, 1.0]"
point_004,4,0.0015571399126201868,0.9990238547325134,0.00029098999220877886,0.0008932952187024057,1.0000070333480835,1.0002293586730957,complete,282,1.0002293586730957,0.000230894293054007,0.9999983310699463,0.000247149117058143,0.0002222088660346344,0.9999983906745911,0.9998854994773865,complete,1118,0.9998854994773865,"[""1e-3"", ""1e+1""]","{""lambda_bc"": 10.0, ""lambda_ic"": 0.001}","[0.001, 10.0]"
point_005,5,0.001172982039861381,0.9997792840003967,0.0003522614133544266,0.0015796534717082977,1.0000500679016113,1.0000728368759155,complete,273,1.0000728368759155,0.0001304594916291535,0.9999936819076538,0.0002517667307984084,0.00022489158436655998,0.9999979734420776,0.9999353289604187,complete,1095,0.9999353289604187,"[""1e-3"", ""1e+2""]","{""lambda_bc"": 100.0, ""lambda_ic"": 0.001}","[0.001, 100.0]"
point_006,6,0.0007194921490736306,0.9998584389686584,0.000798270630184561,0.002367726294323802,0.9998654723167419,1.0003405809402466,complete,272,1.0003405809402466,3.0011977287358604e-05,0.9999914169311523,0.00025722855934873223,0.00011595330579439178,0.999994158744812,0.9999709129333496,complete,1092,0.9999709129333496,"[""1e-3"", ""1e+3""]","{""lambda_bc"": 1000.0, ""lambda_ic"": 0.001}","[0.001, 1000.0]"
point_007,7,0.0017017178470268846,0.9997022747993469,0.0025582106318324804,0.0004651918134186417,1.000104546546936,0.9994011521339417,complete,284,0.9994011521339417,0.0007476831087842584,0.9999752640724182,0.0023690732195973396,0.00029106589499861,1.0000340938568115,0.9990707635879517,complete,1085,0.9990707635879517,"[""1e-2"", ""1e-3""]","{""lambda_bc"": 0.001, ""lambda_ic"": 0.01}","[0.01, 0.001]"
point_008,8,0.0017414359608665109,0.999902069568634,0.0025577940978109837,0.0004459145711734891,1.0001046657562256,0.9992856979370117,complete,284,0.9992856979370117,0.0007420313195325434,0.9999883770942688,0.002514149760827422,0.000208846598980017,1.0000334978103638,0.9990777969360352,complete,1102,0.9990777969360352,"[""1e-2"", ""1e-2""]","{""lambda_bc"": 0.01, ""lambda_ic"": 0.01}","[0.01, 0.01]"
point_009,9,0.0017059267265722156,0.9999860525131226,0.0024290787987411022,0.0004899960476905107,1.0000871419906616,0.9993140697479248,complete,287,0.9993140697479248,0.0006605291273444891,0.9999825358390808,0.0024321372620761395,0.00023674046678934246,1.0000280141830444,0.9991929531097412,complete,1089,0.9991929531097412,"[""1e-2"", ""1e-1""]","{""lambda_bc"": 0.1, ""lambda_ic"": 0.01}","[0.01, 0.1]"
point_010,10,0.0013063392834737897,0.9999892711639404,0.0024924161843955517,0.0008237629663199186,1.000049114227295,0.9993910193443298,complete,273,0.9993910193443298,0.0005082965944893658,0.9999698400497437,0.0024518584832549095,0.00020039464288856834,1.0000131130218506,0.9995419383049011,complete,1080,0.9995419383049011,"[""1e-2"", ""1e+0""]","{""lambda_bc"": 1.0, ""lambda_ic"": 0.01}","[0.01, 1.0]"
point_011,11,0.0015483193565160036,0.9999873638153076,0.0025987173430621624,0.0008595710969530046,0.9999977350234985,0.9995710253715515,complete,284,0.9995710253715515,0.0002445815480314195,0.9999508261680603,0.0025059848558157682,0.00021006164024583995,0.9999995231628418,0.9998092651367188,complete,1065,0.9998092651367188,"[""1e-2"", ""1e+1""]","{""lambda_bc"": 10.0, ""lambda_ic"": 0.01}","[0.01, 10.0]"
point_012,12,0.0011373094748705626,0.999993085861206,0.0025216771755367517,0.0016908328980207443,1.0000427961349487,0.9998689293861389,complete,287,0.9998689293861389,0.00013586197746917605,0.9999863505363464,0.0025885708164423704,0.0002729132538661361,0.9999972581863403,0.9999300241470337,complete,1087,0.9999300241470337,"[""1e-2"", ""1e+2""]","{""lambda_bc"": 100.0, ""lambda_ic"": 0.01}","[0.01, 100.0]"
point_013,13,0.000594864774029702,0.9999417662620544,0.0029365054797381163,0.0020680809393525124,0.999870777130127,1.0002130270004272,complete,291,1.0002130270004272,4.580938184517436e-05,0.999944806098938,0.0023776465095579624,0.0001391931000398472,0.999994158744812,0.9999691247940063,complete,1078,0.9999691247940063,"[""1e-2"", ""1e+3""]","{""lambda_bc"": 1000.0, ""lambda_ic"": 0.01}","[0.01, 1000.0]"
point_014,14,0.0032590108457952738,0.9996772408485413,0.025094609707593918,0.0005395673215389252,1.0001766681671143,0.9943397641181946,complete,289,0.9943397641181946,0.010499182157218456,0.5330926179885864,0.01324005052447319,0.0007670569466426969,1.0018025636672974,0.6949478387832642,complete,1083,0.6949478387832642,"[""1e-1"", ""1e-3""]","{""lambda_bc"": 0.001, ""lambda_ic"": 0.1}","[0.1, 0.001]"
point_015,15,0.002961056539788842,0.9996206760406494,0.025173436850309372,0.0006326980073936284,1.000135898590088,0.9952684640884399,complete,271,0.9952684640884399,0.010997716337442398,0.5540337562561035,0.013877997174859047,0.001232448616065085,0.9982950091362,0.6971603035926819,complete,1076,0.6971603035926819,"[""1e-1"", ""1e-2""]","{""lambda_bc"": 0.01, ""lambda_ic"": 0.1}","[0.1, 0.01]"
point_016,16,0.003062478732317686,0.9998820424079895,0.02422882616519928,0.00041994082857854664,1.0001477003097534,0.9956520795822144,complete,283,0.9956520795822144,0.014121218584477901,0.951867401599884,0.02054617740213871,0.0003594410663936287,1.0001780986785889,0.8871333003044128,complete,1085,0.8871333003044128,"[""1e-1"", ""1e-1""]","{""lambda_bc"": 0.1, ""lambda_ic"": 0.1}","[0.1, 0.1]"
point_017,17,0.001543716643936932,0.9999012351036072,0.024917272850871086,0.0007090735016390681,1.0000354051589966,0.9977062344551086,complete,268,0.9977062344551086,0.0017736590234562755,0.9998847246170044,0.02490272745490074,0.0004890834097750485,1.0000182390213013,0.9972663521766663,complete,1077,0.9972663521766663,"[""1e-1"", ""1e+0""]","{""lambda_bc"": 1.0, ""lambda_ic"": 0.1}","[0.1, 1.0]"
point_018,18,0.0015268283896148205,0.9999520182609558,0.025102917104959488,0.0009595779702067375,0.9999867677688599,0.9992014765739441,complete,294,0.9992014765739441,0.0003977852175012231,0.9999637007713318,0.02518657222390175,0.0003170949639752507,0.9999961256980896,0.9990900158882141,complete,1117,0.9990900158882141,"[""1e-1"", ""1e+1""]","{""lambda_bc"": 10.0, ""lambda_ic"": 0.1}","[0.1, 10.0]"
point_019,19,0.0011278028832748532,0.9999570250511169,0.024937303736805916,0.0017072618938982487,1.0000360012054443,0.9998006820678711,complete,291,0.9998006820678711,0.00016521020734217018,0.9999620914459229,0.025384366512298584,0.0004454407899174839,0.9999948143959045,0.9998743534088135,complete,1135,0.9998743534088135,"[""1e-1"", ""1e+2""]","{""lambda_bc"": 100.0, ""lambda_ic"": 0.1}","[0.1, 100.0]"
point_020,20,0.0006152039277367294,0.9999837875366211,0.02568923309445381,0.0025164675898849964,0.9998615384101868,1.000195026397705,complete,288,1.000195026397705,5.1487910241121426e-05,0.9999883770942688,0.025158466771245003,8.098523539956659e-05,0.9999977350234985,0.9999673366546631,complete,1081,0.9999673366546631,"[""1e-1"", ""1e+3""]","{""lambda_bc"": 1000.0, ""lambda_ic"": 0.1}","[0.1, 1000.0]"
point_021,21,0.041477054357528687,0.5051732063293457,0.07105616480112076,0.002068158471956849,0.9985514283180237,0.39053499698638916,complete,271,0.39053499698638916,0.010487541556358337,0.033416494727134705,0.0016779399011284113,0.007679141126573086,0.12876443564891815,0.048023875802755356,complete,1094,0.048023875802755356,"[""1e+0"", ""1e-3""]","{""lambda_bc"": 0.001, ""lambda_ic"": 1.0}","[1.0, 0.001]"
point_022,22,0.04136720672249794,0.5068001747131348,0.0665380135178566,0.0010509894927963614,0.9965084195137024,0.3875635862350464,complete,276,0.3875635862350464,0.009819607250392437,0.031150300055742264,0.0021364674903452396,0.0038718872237950563,0.12578453123569489,0.04352318122982979,complete,1081,0.04352318122982979,"[""1e+0"", ""1e-2""]","{""lambda_bc"": 0.01, ""lambda_ic"": 1.0}","[1.0, 0.01]"
point_023,23,0.0412769690155983,0.5193068385124207,0.07202742248773575,0.0014384753303602338,0.9980032444000244,0.3972451984882355,complete,275,0.3972451984882355,0.01000258419662714,0.03902469202876091,0.002854590769857168,0.010258855298161507,0.12022893130779266,0.032484445720911026,complete,1119,0.032484445720911026,"[""1e+0"", ""1e-1""]","{""lambda_bc"": 0.1, ""lambda_ic"": 1.0}","[1.0, 0.1]"
point_024,24,0.04869284853339195,0.7066855430603027,0.13762721419334412,0.0009234233293682337,1.0002614259719849,0.6613559126853943,complete,285,0.6613559126853943,0.02506445348262787,0.09320158511400223,0.0041638026013970375,0.009541129693388939,0.19184544682502747,0.058322545140981674,complete,1086,0.058322545140981674,"[""1e+0"", ""1e+0""]","{""lambda_bc"": 1.0, ""lambda_ic"": 1.0}","[1.0, 1.0]"
point_025,25,0.0025604332331568003,0.9997338056564331,0.24233895540237427,0.0012101293541491032,1.0000898838043213,0.992425262928009,complete,282,0.992425262928009,0.021604228764772415,0.4696904122829437,0.11834144592285156,0.0004441052151378244,0.9996951818466187,0.6935659050941467,complete,1084,0.6935659050941467,"[""1e+0"", ""1e+1""]","{""lambda_bc"": 10.0, ""lambda_ic"": 1.0}","[1.0, 10.0]"
point_026,26,0.001229836605489254,0.9999030232429504,0.2520323097705841,0.0020017027854919434,1.0001044273376465,0.9991191625595093,complete,288,0.9991191625595093,0.0005388743593357503,0.9998485445976257,0.24553337693214417,0.00020029528241138905,1.000005841255188,0.9990811347961426,complete,1084,0.9990811347961426,"[""1e+0"", ""1e+2""]","{""lambda_bc"": 100.0, ""lambda_ic"": 1.0}","[1.0, 100.0]"
point_027,27,0.0006837575929239392,0.9999725222587585,0.24864014983177185,0.0025965766981244087,0.9999034404754639,1.0000672340393066,complete,272,1.0000672340393066,0.0001223697909153998,0.9998639822006226,0.24082708358764648,0.00013358199794311076,0.9999988675117493,0.9997942447662354,complete,1075,0.9997942447662354,"[""1e+0"", ""1e+3""]","{""lambda_bc"": 1000.0, ""lambda_ic"": 1.0}","[1.0, 1000.0]"
point_028,28,0.09012047946453094,0.13805614411830902,0.24262599647045135,0.004514168482273817,1.000322699546814,0.23101751506328583,complete,272,0.23101751506328583,0.032533593475818634,0.12199575453996658,0.028266260400414467,0.003392643528059125,0.6993264555931091,0.1527983695268631,complete,1088,0.1527983695268631,"[""1e+1"", ""1e-3""]","{""lambda_bc"": 0.001, ""lambda_ic"": 10.0}","[10.0, 0.001]"
point_029,29,0.09122421592473984,0.1423988789319992,0.2455456554889679,0.004136274568736553,0.9970338344573975,0.22910183668136597,complete,288,0.22910183668136597,0.03218456357717514,0.1059158593416214,0.023090951144695282,0.011189917102456093,0.6064106822013855,0.13324694335460663,complete,1132,0.13324694335460663,"[""1e+1"", ""1e-2""]","{""lambda_bc"": 0.01, ""lambda_ic"": 10.0}","[10.0, 0.01]"
point_030,30,0.09191988408565521,0.1467484086751938,0.24418309330940247,0.003248745808377862,0.9966367483139038,0.23112621903419495,complete,276,0.23112621903419495,0.026399457827210426,0.12956523895263672,0.02761603519320488,0.0038218582049012184,0.5842427015304565,0.11058512330055237,complete,1081,0.11058512330055237,"[""1e+1"", ""1e-1""]","{""lambda_bc"": 0.1, ""lambda_ic"": 10.0}","[10.0, 0.1]"
point_031,31,0.09437522292137146,0.17044943571090698,0.2909991443157196,0.004151070956140757,1.0023910999298096,0.23533184826374054,complete,276,0.23533184826374054,0.028414249420166016,0.23981161415576935,0.04951409623026848,0.0025791360531002283,0.9205213785171509,0.14953289926052094,complete,1076,0.14953289926052094,"[""1e+1"", ""1e+0""]","{""lambda_bc"": 1.0, ""lambda_ic"": 10.0}","[10.0, 1.0]"
point_032,32,0.08463969081640244,0.4567638039588928,0.703307032585144,0.001691478188149631,1.0470112562179565,0.365243524312973,complete,279,0.365243524312973,0.016583560034632683,0.2599462866783142,0.05422549694776535,0.005175398197025061,0.9434472322463989,0.15538077056407928,complete,1067,0.15538077056407928,"[""1e+1"", ""1e+1""]","{""lambda_bc"": 10.0, ""lambda_ic"": 10.0}","[10.0, 10.0]"
point_033,33,0.012275510467588902,0.9969494938850403,2.4612252712249756,0.0011440060334280133,1.0001624822616577,0.9653869867324829,complete,284,0.9653869867324829,0.01580379344522953,0.997951090335846,2.308558464050293,0.00039528371416963637,0.9999290108680725,0.9692791700363159,complete,1085,0.9692791700363159,"[""1e+1"", ""1e+2""]","{""lambda_bc"": 100.0, ""lambda_ic"": 10.0}","[10.0, 100.0]"
point_034,34,0.0007397497538477182,0.9999817609786987,2.4486825466156006,0.001848402782343328,1.0001717805862427,0.9995237588882446,complete,282,0.9995237588882446,0.0008684527711011469,0.9998253583908081,2.423550605773926,0.00020686796051450074,0.9999995827674866,0.9988076090812683,complete,1103,0.9988076090812683,"[""1e+1"", ""1e+3""]","{""lambda_bc"": 1000.0, ""lambda_ic"": 10.0}","[10.0, 1000.0]"
point_035,35,0.13835185766220093,0.10485947877168655,1.311264991760254,0.006436212919652462,1.0149699449539185,0.21702253818511963,complete,285,0.21702253818511963,0.018725046887993813,0.16185453534126282,0.06235659867525101,0.005091025494039059,0.9403839111328125,0.1285429447889328,complete,1086,0.1285429447889328,"[""1e+2"", ""1e-3""]","{""lambda_bc"": 0.001, ""lambda_ic"": 100.0}","[100.0, 0.001]"
point_036,36,0.13675296306610107,0.10616770386695862,1.2816579341888428,0.006331658456474543,1.0176769495010376,0.21979168057441711,complete,281,0.21979168057441711,0.018917882815003395,0.1575305312871933,0.06370991468429565,0.004000551998615265,0.940227746963501,0.12571394443511963,complete,1084,0.12571394443511963,"[""1e+2"", ""1e-2""]","{""lambda_bc"": 0.01, ""lambda_ic"": 100.0}","[100.0, 0.01]"
point_037,37,0.1357957124710083,0.10472670942544937,1.5441375970840454,0.005085371434688568,1.0083470344543457,0.22023014724254608,complete,271,0.22023014724254608,0.017955563962459564,0.16644702851772308,0.06080017611384392,0.004914878401905298,0.944616973400116,0.13200543820858002,complete,1124,0.13200543820858002,"[""1e+2"", ""1e-1""]","{""lambda_bc"": 0.1, ""lambda_ic"": 100.0}","[100.0, 0.1]"
point_038,38,0.13774874806404114,0.10085289925336838,1.4179189205169678,0.007272616028785706,1.0063432455062866,0.21981525421142578,complete,272,0.21981525421142578,0.015803158283233643,0.15003268420696259,0.07109887897968292,0.002590163378044963,0.9737525582313538,0.14700962603092194,complete,1118,0.14700962603092194,"[""1e+2"", ""1e+0""]","{""lambda_bc"": 1.0, ""lambda_ic"": 100.0}","[100.0, 1.0]"
point_039,39,0.13921110332012177,0.09522777050733566,1.6765282154083252,0.007406923454254866,1.0270657539367676,0.21653616428375244,complete,290,0.21653616428375244,0.013251828961074352,0.11427530646324158,0.07904598861932755,0.0040243323892354965,0.9667288064956665,0.14930181205272675,complete,1079,0.14930181205272675,"[""1e+2"", ""1e+1""]","{""lambda_bc"": 10.0, ""lambda_ic"": 100.0}","[100.0, 10.0]"
point_040,40,0.11315126717090607,0.2996516227722168,4.975057125091553,0.0033195719588547945,1.0479516983032227,0.29671409726142883,complete,276,0.29671409726142883,0.009559464640915394,0.13841015100479126,0.12443245202302933,0.0027668671682476997,0.9906905293464661,0.06544806808233261,complete,1073,0.06544806808233261,"[""1e+2"", ""1e+2""]","{""lambda_bc"": 100.0, ""lambda_ic"": 100.0}","[100.0, 100.0]"
point_041,41,0.008938029408454895,0.9981597065925598,24.123483657836914,0.005511346738785505,1.0003291368484497,0.9755768775939941,complete,273,0.9755768775939941,0.013149323873221874,0.9987825751304626,24.43468475341797,6.897469575051218e-05,0.9999991655349731,0.9777022004127502,complete,1065,0.9777022004127502,"[""1e+2"", ""1e+3""]","{""lambda_bc"": 1000.0, ""lambda_ic"": 100.0}","[100.0, 1000.0]"
point_042,42,0.1478240042924881,0.11547420173883438,11.587431907653809,0.004102759063243866,1.0381911993026733,0.2247226983308792,complete,286,0.2247226983308792,0.009412720799446106,0.17353272438049316,0.13789834082126617,0.0021060938015580177,0.9976999759674072,0.08316139876842499,complete,1085,0.08316139876842499,"[""1e+3"", ""1e-3""]","{""lambda_bc"": 0.001, ""lambda_ic"": 1000.0}","[1000.0, 0.001]"
point_043,43,0.14683423936367035,0.11405277997255325,11.104903221130371,0.0024501357693225145,1.041757345199585,0.2245602309703827,complete,277,0.2245602309703827,0.009363661520183086,0.1749383509159088,0.12987056374549866,0.0018894473323598504,0.992458164691925,0.08340727537870407,complete,1078,0.08340727537870407,"[""1e+3"", ""1e-2""]","{""lambda_bc"": 0.01, ""lambda_ic"": 1000.0}","[1000.0, 0.01]"
point_044,44,0.14559584856033325,0.1130003109574318,11.254141807556152,0.002804083749651909,1.020828127861023,0.22498181462287903,complete,277,0.22498181462287903,0.008874570019543171,0.17118890583515167,0.13985726237297058,0.0011069986503571272,0.9883347153663635,0.08167645335197449,complete,1078,0.08167645335197449,"[""1e+3"", ""1e-1""]","{""lambda_bc"": 0.1, ""lambda_ic"": 1000.0}","[1000.0, 0.1]"
point_045,45,0.1470329612493515,0.11545989662408829,13.151719093322754,0.0024689692072570324,1.0188932418823242,0.22283786535263062,complete,283,0.22283786535263062,0.006344655528664589,0.17031647264957428,0.1394289880990982,0.002092563547194004,0.9895904660224915,0.08117250353097916,complete,1087,0.08117250353097916,"[""1e+3"", ""1e+0""]","{""lambda_bc"": 1.0, ""lambda_ic"": 1000.0}","[1000.0, 1.0]"
point_046,46,0.15008048713207245,0.11094958335161209,12.905110359191895,0.009327931329607964,1.0229464769363403,0.22311300039291382,complete,288,0.22311300039291382,0.00534043088555336,0.1716340184211731,0.13454730808734894,0.00043417426059022546,0.9935353994369507,0.0809226855635643,complete,1093,0.0809226855635643,"[""1e+3"", ""1e+1""]","{""lambda_bc"": 10.0, ""lambda_ic"": 1000.0}","[1000.0, 10.0]"
point_047,47,0.1482584923505783,0.09663179516792297,17.143815994262695,0.018747402355074883,1.048691987991333,0.22314892709255219,complete,276,0.22314892709255219,0.005829859524965286,0.17175868153572083,0.14311492443084717,0.004172142129391432,1.0050281286239624,0.08132614195346832,complete,1095,0.08132614195346832,"[""1e+3"", ""1e+2""]","{""lambda_bc"": 100.0, ""lambda_ic"": 1000.0}","[1000.0, 100.0]"
point_048,48,0.09694752097129822,0.3416902720928192,53.774192810058594,0.021667296066880226,1.0618149042129517,0.30679428577423096,complete,276,0.30679428577423096,0.008409804664552212,0.168894425034523,0.23547741770744324,0.01724632829427719,1.1542004346847534,0.08087252825498581,complete,1083,0.08087252825498581,"[""1e+3"", ""1e+3""]","{""lambda_bc"": 1000.0, ""lambda_ic"": 1000.0}","[1000.0, 1000.0]"
